Fecha,total_internacional,aerea,terrestre,maritima,america_centro,america_norte,europa
2009-01-01,93983.588580611569,81693,67442.029345172879,13379,93848.087646382686,36033.941698790193,12061
2009-02-01,87406.515953202834,70099,56266.692203377512,11674.000000000002,73988.387263613229,33970.304939764275,12642
2009-03-01,111155.34859352154,84494,73111.673818602852,11522,96398.150899583023,41482.522919019822,13676
2009-04-01,115076.15901508553,80618,89897.467694016435,9289.9999999999982,114286.68210111491,39595.785592901528,10562
2009-05-01,80712.27945483748,64621,58898.524350693071,6517,83304.469914819681,29239.054435873386,6245
2009-06-01,101151.66060474618,81500,69100.803378272743,842,95701.163455147063,42017.63992312568,6653
2009-07-01,81704.160298774441,74818,61683.951742219506,1115,96269.469086031691,29178.482656187807,6326
2009-08-01,127908.02814094553,76026,102144.0418037644,8699,125733.14353015932,36449.898273605082,10170
2009-09-01,85757.333499073851,61974,70046.133535601577,771,98025.431761530286,22160.701774071294,6324
2009-10-01,97992.75716140405,72950,79357.60978686891,846,111261.15331887046,27973.456467998454,7377
2009-11-01,109269.59249329548,82455,90295.27295869161,12913,125806.1358686615,30074.137090030097,10931
2009-12-01,137382.67795086018,104131,114201.65119713946,16135.999999999998,157418.39726927842,46425.253927861057,9223
2010-01-01,98028.612431787158,85216,75945.265511656369,14333,106483.00864475268,37862.256866903692,9873
2010-02-01,90920.372491755828,69352,62145.460226024756,7233,81072.356346480621,33685.103879544135,10714
2010-03-01,109681.3703145406,88849,73213.092759541032,10280,95843.31992274322,48435.772836797805,11484
2010-04-01,111653.60659454021,76466,93049.905303171137,6692,119646.12130044594,34912.784002725202,8727
2010-05-01,92244.09357038945,65070,75182.608947686094,2228,97354.136905046733,30032.472042639365,7041
2010-06-01,103594.03240003019,84570,69955.947074626805,943,99435.318043858904,42844.629030767901,6520
2010-07-01,137525.63947974972,102317,96362.83285998115,988,125130.32973600173,54110.503123979419,12284
2010-08-01,130000.08399004651,79180,103549.0306162957,7463,127001.82976361034,37421.200852685346,11594
2010-09-01,83566.728357780536,62853,67193.349698391976,714,95456.268411467448,21925.08128692452,6155
2010-10-01,100168.22724892465,76272,80576.124321226773,5218,114303.65364534994,27855.470675876837,7993
2010-11-01,112902.82673114441,84445,94155.335696744078,11566,129744.65774227306,31066.677954471008,11268
2010-12-01,140859.02739114847,99643,126547.04636668903,17505,166536.38986866781,44218.656498021235,9704
2011-01-01,104620.51579595033,81827,86590.557227015306,6649,115145.08491200685,35403.472315008468,10214
2011-02-01,95836.657843611349,69199,69655.865590866684,8579,88483.135194973336,32746.730395893352,10924
2011-03-01,120367.97378834433,77868,91059.791008657281,8008,111569.58910726917,39814.201901388107,10649
2011-04-01,127011.7626693856,77120,113079.76499508986,17334,138143.39408795419,37249.370907135693,9218
2011-05-01,94839.088087382144,68133,76689.547781259913,7765,102170.69393194425,30125.85384931567,6639
2011-06-01,108053.21180426482,82437,79665.468725904895,2270,108360.53593042374,41325.932795481167,6452
2011-07-01,133529.45404649546,97679,101582.00470178174,1260,131289.94151871614,51321.063183065613,10530
2011-08-01,117392.38907769526,77477,96080.493704580076,11698,124097.07098620424,33741.422718375834,10035
2011-09-01,88173.501247273933,65329,75213.839719741954,641,105097.67675853525,23078.162961206715,5963
2011-10-01,97799.455474417235,71644,79613.080595907857,4729,110734.98800635971,26427.092589548163,7459
2011-11-01,120045.12736902418,86040,100328.07790124381,6434,136002.00359961748,31803.074301626315,11263
2011-12-01,154333.01547341549,101211,141223.11067073603,9952,181883.34268717706,45546.767983558966,9261
2012-01-01,111895.51038734334,81067,94835.957768301072,7250,122214.34001954578,36525.617748755292,9565
2012-02-01,104196.65964456322,70168,76560.442198313161,6226,93819.680122007456,35615.762076305713,10801
2012-03-01,131415.38779149789,84564,100496.20825214811,5185,122296.00249908665,44971.205753061447,11173
2012-04-01,121495.89421332037,75122,106470.2362626656,8096,132244.41918745663,34347.817075208957,8251
2012-05-01,101294.73668247307,71959,79112.512043802795,9779,105871.61299981305,32340.899043989753,6557
2012-06-01,116492.96008080748,87824,84451.564226882256,965,112976.84376978572,46108.72045709654,6124
2012-07-01,136511.48796800742,96204,101978.37067282856,1937,129027.9298808559,52488.440791972658,9777
2012-08-01,119028.41565595333,72237,97403.403240382613,15710,119927.49277007497,34261.910470307645,9099
2012-09-01,95625.927451247291,65651,81377.527986489542,819,109162.6607248607,25049.867261628831,5878
2012-10-01,107193.8472117702,75434,91640.437496763596,3023,122678.05912848748,30033.378368276099,7802
2012-11-01,124993.67372635315,87872,106361.06831855708,10062,140790.30673513139,34753.761583425694,12078
2012-12-01,148290.48933699139,102428,135041.75250727762,17076,169915.19576479474,50497.556742482891,10324
2013-01-01,105083.78272284445,80051,89526.696535424009,9974,114928.74041598606,36342.956119437949,10470
2013-02-01,96425.457677592261,69139,69954.89946159556,7927,85722.280166587312,35378.619295008248,11147
2013-03-01,145026.62143631538,90893,124549.5553629627,15859,146822.41609044981,50680.139272512897,10944
2013-04-01,114084.88597704722,72202,106290.03722270243,10752,127787.30788467008,33933.729338032346,8564
2013-05-01,113182.31958035404,71046,107062.65691496404,5056,130523.20483401864,33675.452080945397,6666
2013-06-01,127840.26114563944,89180,107041.99485562296,943,132740.34480074816,49276.650054874808,6918
2013-07-01,140363.72984984677,95206,115142.01726466769,1998,137555.75891696519,54852.258347702489,10078
2013-08-01,129889.37812654627,77913,118249.93916965791,3058,141829.55918737949,37092.379982278406,9376
2013-09-01,99494.490530481315,66627,96529.06187134661,1339,124275.23640795665,24513.825463389963,6461
2013-10-01,100548.60512409559,79527,87345.46888297105,1890,120207.06656201315,30397.402320957899,8507
2013-11-01,120140.39882384602,92515,109333.0230046185,13151,145363.06099637237,34869.962008246148,12817
2013-12-01,151885.96272915631,112488,148648.40193935842,12985,192030.9442146995,51340.457724658911,10265
2014-01-01,136993.79827369715,90200,128136.34667639041,13722,155004.11886466408,41127.227811726334,12665
2014-02-01,118680.97891358371,78209,93971.245864746859,8477,113013.19120402806,37720.054660718801,13163
2014-03-01,134734.86878612189,92135,106756.33022266922,12836,128988.10570149668,48389.224521172531,13155
2014-04-01,144337.75076255164,89600,138262.13314891761,13576,165710.43832628604,43212.694822631573,10732
2014-05-01,118081.34260863198,80383,108539.56475260793,4306,135521.23865931731,36616.326093290612,8130
2014-06-01,125073.36554765163,99084,100072.47330128694,937,134941.00196309466,49299.471338192263,6933
2014-07-01,155261.77848585718,102729,133752.59480590301,1077,162582.84589978974,53891.748906113266,10928
2014-08-01,147974.4178650672,86492,137453.63196751618,3015,164237.67883810677,39134.953129409383,11304
2014-09-01,116939.34369236097,73602,113264.78059355928,818,144345.09189244191,26058.688701117357,7332
2014-10-01,132067.4525438094,86265,136667.87089512649,718,170965.76141273646,32218.109482390013,9954
2014-11-01,147999.40221347971,95776,151336.60998571018,12851,187794.5418497074,36831.068136002781,12941
2014-12-01,190145.11680319466,117878,206354.73464960404,11524,249672.19010613361,53132.544543470445,12146
2015-01-01,147531.7472197687,95064,147874.95120920139,7194,177363.78930593701,41163.161903264365,13347
2015-02-01,129510.75813276201,79878,116414.24754449066,8514,132327.29557642978,40762.951968060894,13323
2015-03-01,164845.56402409787,98121,150369.40803931904,12673,172026.64855622471,52359.759483094327,13703
2015-04-01,153046.64832778479,87540,158665.50812161784,21743,184946.43581212885,40574.072309488976,10582
2015-05-01,135947.81555102114,84334,141074.60772244775,8664,169508.94081668655,38338.666905761209,7884
2015-06-01,145257.87450456954,104893,139595.68691700848,2029,173969.44256763888,53259.244349369605,7389
2015-07-01,160078.94395430412,106927,145112.17713215479,2001,176548.67229525387,55031.504836900916,10932
2015-08-01,163350.15839732031,90600,153964.15541175148,7790,182715.76114240257,40773.394269348879,11590
2015-09-01,120717.71858310552,82888,123150.77080266396,662,159367.91214107058,28826.858661593367,7652
2015-10-01,134631.84587605452,97243,129911.27882344542,3225,172803.78183515833,35099.496988287094,9191
2015-11-01,143031.34404672243,110173,134124.0101002201,6780,180825.69110129538,40229.318998924711,12986
2015-12-01,189993.33317425006,129751,198336.23853178963,7801,250276.65700783863,56265.581523950998,11856
2016-01-01,153079.07550699709,109052,151890.6293521066,8953,192937.11552731699,42564.51382478961,13150
2016-02-01,135019.49101565994,90944,122700.72979089251,11708,147150.87814481193,41660.851646080569,13890
2016-03-01,202375.22475940175,117172,203725.33266050773,14234,238870.44667783804,56246.885982669715,14293
2016-04-01,127448.9933316056,90938,119589.92035013388,12028,157651.36618051215,34139.554169621719,9405
2016-05-01,130199.95403913142,96379,126769.92774985194,9518,169370.96893511314,36422.958814738806,7526
2016-06-01,134045.01896221691,113143,112416.2952819879,1366,159050.22385501658,50353.071426971313,6683
2016-07-01,162295.72711677369,130062,138086.23955853496,1708,188728.40315524102,57301.836403293935,11278
2016-08-01,156633.15674242767,100986,156987.9277235241,11894.000000000002,200565.55700648308,37053.37071704102,10319
2016-09-01,109991.73534700907,80637.428571428638,105519.87974597144,662,143338.39823605682,25812.897222970292,7501.7682943050177
2016-10-01,149131.79068249755,102214,146177.26446227162,3017,194543.07647134512,33765.187990926475,9028
2016-11-01,149982.55620569887,111954,138776.98052789879,16219.000000000002,191532.65548609028,35331.325041808508,12814
2016-12-01,192268.3580225294,111842,208484.1886656979,22983,262265.66049666528,40939.528169032659,9499
2017-01-01,159273.72790788751,99217,160424.60794906894,18286,197417.31572475474,35958.059455475697,13566.181203015478
2017-02-01,147967.97674368447,94604,139114.22885076454,12864.999999999998,166979.10573019806,40764.34532734305,14561.081627321388
2017-03-01,189889.27432556846,106339,188105.47511360855,11212,219075.70534685743,48536.348551808587,15015.588666386282
2017-04-01,219267.72896983623,110230.00000000001,267598.72896983637,20271.000000000004,309634.00842246198,44296.686508325016,11567.855572090974
2017-05-01,136746.60021664295,89750,153991.78519639443,5908,189615.35754693896,34824.893885024583,8172.0535791743423
2017-06-01,149339.04496434654,114127.99999999999,133725.40796743412,1460,177782.05194330736,52114.105624126765,7149.9474000000009
2017-07-01,182354.71010983887,134449,157125.27301642345,1543,202947.73817983808,62265.321436585386,13228.9684
2017-08-01,176302.34410658933,100536,173757.59321544986,0,210649.62302464846,40281.477990801424,12124.683999999994
2017-09-01,126105.70743159147,91091,122605.60197929587,4268,166138.01439936445,28514.537579931428,8198.3281999999999
2017-10-01,141126.32943561443,109105.00000000001,129950.67001993403,12419,180227.87774458498,37063.303875349069,10459.014500000003
2017-11-01,157323.16843257655,121391.99999999999,154301.41578931193,15268,209690.92672017007,40241.03651914181,13871.606100000014
2017-12-01,198459.52939766715,142949,213160.49892152505,25563,277928.66306605522,56120.835855469835,11078.999999999995
2018-01-01,186036.45044271697,117446,186373.21797426831,29506,229847.23340657074,45420.92776769754,14512.3104
2018-02-01,158884.93952785656,96337,155329.99157049917,16491,185100.07677973848,41350.914790760697,14219.000000000005
2018-03-01,246119.68202803147,124266,268754.78296043223,17604,308231.15638934495,58272.62657108729,13939.000000000007
2018-04-01,177210.18184352654,104951,203288.86135377199,19374.000000000004,244258.98755994975,41174.778793822268,11243.094999999999
2018-05-01,165426.38692746125,103815.00000000001,173935.08211555931,8936,216959.07423047256,40062.185485086746,8852
2018-06-01,178267.36990171857,120718.00000000067,190562.35050851022,2020,234902.60456822961,58332.449940271152,7649.0000000170121
2018-07-01,211558.74688669536,134933,202367.58994755434,0,248852.39995325293,63754.189994301421,13359.000000000005
2018-08-01,220102.90717584404,110568.00000000073,241748.57173999088,743,280768.62060496118,46511.951135030409,14017.000000000009
2018-09-01,151617.3116349873,94931.29173150647,177845.77673603187,2149,222892.34701733154,31230.721450206787,7702.9999999999964
2018-10-01,160234.58516850809,115003.99628460119,167168.2164132066,14864.000000000002,218947.531641446,40830.301355619777,10687.371700216832
2018-11-01,178449.96406974204,135409.36194730835,174278.274713741,17760,234351.36219900288,47376.274462046487,15213.999999999995
2018-12-01,221608.95833792983,156607.3959668107,237122.09534740119,20945.000000000004,301254.13414134795,65049.604659914854,14125.357984432761
2019-01-01,207194.74981634179,126566.13349998859,231079.6163163532,23513,281061.70492855995,47828.000000000007,14724.708446837318
2019-02-01,169068.90763189856,106574.12156398408,178776.78606791448,13685,215845.97483533187,45015.999999999993,13868.244743400321
2019-03-01,230407.99034261287,118895.93695089713,240862.05339171574,20991.000000000004,278723.46847999998,55370,13904.083808471227
2019-04-01,231265.54816249834,125309.99999999897,263228.54816249857,17393,316516.99999999913,48777.999999999847,11110.610124178693
2019-05-01,178966.34011314588,109523.99999999949,189773.34011314565,1992,235948.99999999924,43339.00000000024,8259.6895514563403
2019-06-01,192800.5553659852,127604.99999999904,205556.55536598503,0,253202.99999999886,61958.000000000153,7212.748080928468
2019-07-01,219254.69097193918,138562.64109759167,226771.04987434755,1966,274104.24383442267,66271.999999999985,12848.090689428765
2019-08-01,222005.75428666305,115044.99999999999,250467.75428666285,0,293027.99999999977,48254.000000000189,12647.026976547046
2019-09-01,160601.07724295714,101240.07692307641,197010.00031988014,1294,247174.99999999942,32571.00000000008,7419.0098600790707
2019-10-01,170100.99136425377,119128.99999999866,175374.9913642538,17004,232198.99999999869,41435,9658.1697183890428
2019-11-01,196458.92607853361,137092.00000000224,198691.92607853384,23599,260704.00000000247,47094.999999999753,15912.171799593107
2019-12-01,250685.07050016732,157842.00000000003,291272.07050016738,9352,359173.00000000012,64640.999999999935,13673.411952743774
2020-01-01,220991.6026616116,130697.00219828535,257525.60046332626,19028,307939.55172413791,51644,15121.596391368887
2020-02-01,188193.97651759206,112885.99999999996,205031.97651759212,16419,239370,51210,16224.108617374681
2020-03-01,87659.576092064395,54830.992130115425,100584.58396194897,6545,121339.25,23675,5748.3072403387087
2020-04-01,0,489,9550,0,10039,0,0
2020-05-01,0,610,9169,0,9779,0,0
2020-06-01,0,1418,10399,0,11817,0,0
2020-07-01,0,1047,12437,0,13484,0,0
2020-08-01,0,1259,14098,0,15357,0,0
2020-09-01,1932.4926829268293,5606,6966.4926829268297,0,11220.49268292683,1144,22
2020-10-01,5810.5343489551287,5307.9323043198447,11372.852044635285,0,14208.773559687135,1831.2784431059997,202.14656290102596
2020-11-01,29102,38994,13871,0,36164,12742,1461
2020-12-01,18307,50380,5240,0,39679,13549,1008
2021-01-01,45537,40805,49155,0,71529,13870,2128
2021-02-01,22512,28784,23821,0,42917,7313,946
2021-03-01,55699.396333417353,58807.139618926849,26210.256714490501,0,53656.378976334621,25250,2511.1132655151227
2021-04-01,40237.190221464305,33048.102901499005,26695.087319965292,0,37903,17564,1957.1727574750762
2021-05-01,38823,58366,15507,0,49645,19349,2150
2021-06-01,55079,73416,21730,0,60745,28504,2099
2021-07-01,58016.664333592562,70340,27254.664333592562,0,64960,26905,2456
2021-08-01,41143,50329,21998,0,51192,15939,2367
2021-09-01,39405.999999999964,45550.999999999964,21472,0,48794,13003,1816
2021-10-01,50154,53420,30108,0,59170,16873,3245
2021-11-01,58549,68351,30227,1313,64724,22724,5746
2021-12-01,156967.12780119659,122254,101315.12780119659,2595,149703,57595,8958.2173913043407
2022-01-01,77609,97752,36551,676,86499,31451,8829
2022-02-01,101324.60000000001,80539,113364.60000000001,448,146716.60000000001,31340,9011
2022-03-01,139826,106141,121745,852,163872,44999,10288
2022-04-01,156215,121028,171620,3902,223294,48861,11837
2022-05-01,135954,111839,148174,897,198203,45596,7827
2022-06-01,148457,123396,145970,0,198702,56586,5841
2022-07-01,185857,124663,181583,0,231554,54309,10376
2022-08-01,175633,108896,188706,0,232241,42553,11412
2022-09-01,132134,103209,143255,0,195304,33194,6998
2022-10-01,150644,122939,158999,2975,218504,40404,9073
2022-11-01,179631,131410,187283,6238,244172,41749,20420
2022-12-01,230709,158463,241803,10042,310516,62274,12829
2023-01-01,258166.18821264658,76401,181765.18821264658,682,178469.32493866165,52108.601156867822,13967.670450450451
2023-02-01,198751.85766927942,75406,123345.8576692794,529,119271.23096515842,51865.951935629702,15507.741078651703
2023-03-01,251839.50267324003,92733,159106.50267324006,705,153935.42964046483,66572.559638624138,17234.144163381854
2023-04-01,283179.25565578463,79354,203825.25565578465,674,198941.59208471162,55382.231609026094,14254.783529445063
2023-05-01,213191.03891840694,71802,141389.03891840694,545,138774.22764908767,51272.85906832217,9737.3985654434637
2023-06-01,224580.17382775573,87780,136800.17382775573,598,135248.71404810695,68588.037773876771,7405.3571428571431
2023-07-01,257626.95044792976,99032,158594.95044792976,624,166137.9578242136,70692.992623716156,9324
2023-08-01,264514.08794636687,79152,185362.08794636687,592,182500.96842178889,55583.138067283602,12202.287448233263
2023-09-01,218486.47810497988,67306,151180.47810497988,346,154869.75130743629,41730.119457500514,6954.2752987581034
2023-10-01,164499.38846570507,59326,105173.38846570507,279,109570.68390564105,35869.926806526804,8852.7194202038609
2023-11-01,255894.27623440052,89140,166754.27623440052,538,167001.90696512978,54451.450003232261,16684.333029931116
2023-12-01,327097.61316611955,108408,218689.61316611952,505,221296.68974899902,79127.062095140034,13745.922191545675
2024-01-01,292731.86680673156,96039,196692.86680673156,572,197656.39235007428,63914.014986960305,15782.69696969697
2024-02-01,265990.67321318097,98871,167119.67321318097,635,160647.30192161701,69065.909211938357,19031.189352352882
2024-03-01,322310.39400228957,108491,213819.39400228957,717,206697.74679208134,81207.71720844385,17712.824049383435
2024-04-01,240988.81729405138,87857,153131.81729405138,552,152614.55714114258,60460.321312080916,13101.103428950486
2024-05-01,238807.95481510271,87997,150810.95481510271,523,152267.11845642317,61292.180364416949,9831.8226609292542
2024-06-01,234781.22686199367,104464,130317.22686199367,555,130714.24281410879,82320.167130488553,7704.6264412058526
2024-07-01,266974.95506929053,110379,156595.95506929053,537,157324.79808869041,82205.100734098771,13120.956335301429
2024-08-01,282101.83101094456,88635,193466.83101094453,560,191992.30000509688,61032.010210578876,14104.951861028403
2024-09-01,215658.8098341591,69269,146389.8098341591,321,151186.9140386449,41562.995795514202,7823.6999999999998
2024-10-01,249665.7008373391,81187,168478.7008373391,386,170604.37848348546,50582.224491905246,12275.375957186499
2024-11-01,302674.076910829,97137,205537.07691082897,601,201390.66899286208,63735.577115699765,19800.691152858992
2024-12-01,361749.6884796847,113027,248722.6884796847,646,242238.76669915067,87399.591657715719,16340.19678948498
2025-01-01,289543.59825538553,101124,188419.59825538553,603,187170.21490193796,68397.964501082679,17867.352185698226
2025-02-01,254428.88643334265,92703,161725.88643334265,612,155564.88401069562,63957.000584805966,19359.484355323595
2025-03-01,278538.25098417036,107244,171294.25098417036,595,167729.99481481058,75852.92901828367,18719.984924185359
2025-04-01,300287.69107359939,93466,206821.69107359942,937,203524.058390878,66079.279329984638,14988.54023056482
2025-05-01,247981.92597209421,87753,160228.92597209421,576,160973.28389823987,62372.211235196657,9765.477667851861
2025-06-01,254190.09615352159,99411,154779.09615352159,492,155037.64178094812,77123.919410362869,7502.4419797544797
2025-07-01,283388.69878661179,117361,166027.69878661176,606,165620.43786941576,86624.769498084497,14115.050901149934
2025-08-01,293780.52439304692,90643,203137.52439304692,566,199695.16911306878,64687.517986601939,14330.169898699036
2025-09-01,218069.51122057904,70416,147653.51122057904,366,154323.22999085515,43141.469555287222,7069.1222804972804
2025-10-01,255920.93232213068,90000,165920.93232213068,393,168768.28081863796,58936.753242921237,11742.760792540792
2025-11-01,310585.52010717517,111567,199018.52010717519,534,194775.19206550196,73826.48112406474,22824.349925127284
2025-12-01,365573.02180679789,127283,238290.02180679791,664,230511.15194255428,98379.805237231019,17977.197960345951
2026-01-01,300664.07527322107,113435,187229.07527322107,644,188957.17965209973,73593.521438105076,19157.905408312701
2026-02-01,236844.11361811563,106821,130023.11361811563,758,129776.30345186002,70561.892857142855,20117.641085336531
2026-03-01,291160.36570034793,127540,163620.36570034793,672,157705.69437418517,91979.384914443872,21565.286411718895
2026-04-01,260951.04561236833,102029,158922.04561236833,720,157872.58450827387,69651.815225073631,15281.335701002256
2026-05-01,241312.29525905842,95804,145508.29525905842,603,146233.21372086005,67069.110185827623,10869.584810481276
2026-06-01,245687.58097717003,98211,147476.58097717003,576,146093.47989936126,74834.618172677001,7855.7704051317496
