lago,bloque_id,bloque_x,bloque_y,n_alta_cyano_0,n_alta_cyano_1,n_total
amatitlan,amatitlan_764_1597,764,1597,108809,1191,110000
amatitlan,amatitlan_764_1596,764,1596,90884,10234,101118
amatitlan,amatitlan_760_1601,760,1601,81218,17499,98717
amatitlan,amatitlan_763_1598,763,1598,90305,2131,92436
amatitlan,amatitlan_758_1602,758,1602,74453,13459,87912
amatitlan,amatitlan_761_1600,761,1600,72089,5806,77895
amatitlan,amatitlan_763_1597,763,1597,72665,2895,75560
amatitlan,amatitlan_765_1597,765,1597,71263,2574,73837
amatitlan,amatitlan_765_1596,765,1596,61965,9023,70988
amatitlan,amatitlan_759_1602,759,1602,53600,11153,64753
amatitlan,amatitlan_765_1598,765,1598,59917,2599,62516
amatitlan,amatitlan_760_1600,760,1600,52552,8705,61257
amatitlan,amatitlan_761_1601,761,1601,48177,6796,54973
amatitlan,amatitlan_764_1598,764,1598,52852,1966,54818
amatitlan,amatitlan_761_1602,761,1602,41396,5323,46719
amatitlan,amatitlan_762_1599,762,1599,44779,970,45749
amatitlan,amatitlan_760_1602,760,1602,37318,7691,45009
amatitlan,amatitlan_759_1601,759,1601,30218,6416,36634
amatitlan,amatitlan_758_1601,758,1601,30030,2109,32139
amatitlan,amatitlan_762_1598,762,1598,28414,609,29023
amatitlan,amatitlan_761_1599,761,1599,25508,290,25798
amatitlan,amatitlan_762_1600,762,1600,22132,2294,24426
amatitlan,amatitlan_757_1602,757,1602,17933,3017,20950
amatitlan,amatitlan_763_1596,763,1596,16910,1137,18047
amatitlan,amatitlan_757_1603,757,1603,13961,3076,17037
amatitlan,amatitlan_765_1595,765,1595,13650,1449,15099
amatitlan,amatitlan_766_1598,766,1598,11681,438,12119
amatitlan,amatitlan_759_1594,759,1594,10686,1,10687
amatitlan,amatitlan_763_1599,763,1599,7489,180,7669
amatitlan,amatitlan_761_1603,761,1603,5285,931,6216
amatitlan,amatitlan_758_1603,758,1603,4379,1057,5436
amatitlan,amatitlan_764_1595,764,1595,5121,303,5424
amatitlan,amatitlan_762_1602,762,1602,2820,413,3233
amatitlan,amatitlan_762_1601,762,1601,2202,693,2895
amatitlan,amatitlan_760_1594,760,1594,1136,1,1137
amatitlan,amatitlan_764_1601,764,1601,540,251,791
amatitlan,amatitlan_759_1600,759,1600,498,149,647
amatitlan,amatitlan_757_1601,757,1601,519,81,600
amatitlan,amatitlan_760_1595,760,1595,27,0,27
amatitlan,amatitlan_766_1597,766,1597,26,0,26
amatitlan,amatitlan_760_1596,760,1596,12,0,12
amatitlan,amatitlan_766_1595,766,1595,12,0,12
amatitlan,amatitlan_767_1598,767,1598,12,0,12
amatitlan,amatitlan_764_1594,764,1594,4,0,4
amatitlan,amatitlan_760_1603,760,1603,1,0,1
atitlan,atitlan_687_1626,687,1626,109955,0,109955
atitlan,atitlan_688_1625,688,1625,109911,0,109911
atitlan,atitlan_688_1626,688,1626,109853,0,109853
atitlan,atitlan_686_1626,686,1626,109431,2,109433
atitlan,atitlan_694_1628,694,1628,108568,3,108571
atitlan,atitlan_693_1628,693,1628,108434,0,108434
atitlan,atitlan_689_1625,689,1625,108257,0,108257
atitlan,atitlan_689_1624,689,1624,108198,0,108198
atitlan,atitlan_689_1626,689,1626,107856,0,107856
atitlan,atitlan_692_1628,692,1628,107843,0,107843
atitlan,atitlan_699_1624,699,1624,107679,0,107679
atitlan,atitlan_695_1628,695,1628,107669,0,107669
atitlan,atitlan_699_1626,699,1626,107608,0,107608
atitlan,atitlan_699_1625,699,1625,107588,0,107588
atitlan,atitlan_694_1627,694,1627,107550,0,107550
atitlan,atitlan_696_1624,696,1624,107538,0,107538
atitlan,atitlan_689_1627,689,1627,107532,0,107532
atitlan,atitlan_695_1627,695,1627,107494,0,107494
atitlan,atitlan_690_1623,690,1623,107397,0,107397
atitlan,atitlan_692_1627,692,1627,107331,0,107331
atitlan,atitlan_697_1628,697,1628,107296,0,107296
atitlan,atitlan_698_1627,698,1627,107245,0,107245
atitlan,atitlan_693_1627,693,1627,107233,0,107233
atitlan,atitlan_690_1627,690,1627,107097,0,107097
atitlan,atitlan_695_1626,695,1626,107075,0,107075
atitlan,atitlan_698_1626,698,1626,107072,0,107072
atitlan,atitlan_699_1623,699,1623,107053,0,107053
atitlan,atitlan_699_1627,699,1627,106885,0,106885
atitlan,atitlan_697_1624,697,1624,106864,0,106864
atitlan,atitlan_700_1623,700,1623,106746,0,106746
atitlan,atitlan_698_1624,698,1624,106717,0,106717
atitlan,atitlan_696_1628,696,1628,106681,1,106682
atitlan,atitlan_700_1622,700,1622,106582,0,106582
atitlan,atitlan_700_1624,700,1624,106574,0,106574
atitlan,atitlan_696_1626,696,1626,106553,0,106553
atitlan,atitlan_698_1625,698,1625,106543,0,106543
atitlan,atitlan_695_1624,695,1624,106536,0,106536
atitlan,atitlan_691_1627,691,1627,106527,0,106527
atitlan,atitlan_690_1625,690,1625,106288,0,106288
atitlan,atitlan_690_1626,690,1626,106263,0,106263
atitlan,atitlan_696_1627,696,1627,106073,0,106073
atitlan,atitlan_690_1624,690,1624,106060,0,106060
atitlan,atitlan_697_1627,697,1627,106043,0,106043
atitlan,atitlan_694_1624,694,1624,105911,0,105911
atitlan,atitlan_696_1629,696,1629,105845,0,105845
atitlan,atitlan_701_1623,701,1623,105736,0,105736
atitlan,atitlan_696_1625,696,1625,105620,0,105620
atitlan,atitlan_698_1628,698,1628,105615,0,105615
atitlan,atitlan_691_1626,691,1626,105414,0,105414
atitlan,atitlan_692_1626,692,1626,105370,0,105370
atitlan,atitlan_697_1626,697,1626,105336,0,105336
atitlan,atitlan_695_1625,695,1625,105329,0,105329
atitlan,atitlan_691_1623,691,1623,105282,0,105282
atitlan,atitlan_697_1625,697,1625,105188,0,105188
atitlan,atitlan_693_1624,693,1624,104926,0,104926
atitlan,atitlan_694_1626,694,1626,104903,0,104903
atitlan,atitlan_693_1626,693,1626,104880,0,104880
atitlan,atitlan_700_1625,700,1625,104688,0,104688
atitlan,atitlan_691_1625,691,1625,104585,0,104585
atitlan,atitlan_691_1628,691,1628,104414,0,104414
atitlan,atitlan_691_1624,691,1624,104328,0,104328
atitlan,atitlan_695_1629,695,1629,104284,0,104284
atitlan,atitlan_692_1623,692,1623,104224,0,104224
atitlan,atitlan_694_1625,694,1625,104013,0,104013
atitlan,atitlan_688_1627,688,1627,103941,7,103948
atitlan,atitlan_693_1625,693,1625,103907,0,103907
atitlan,atitlan_701_1622,701,1622,103855,0,103855
atitlan,atitlan_690_1622,690,1622,103696,0,103696
atitlan,atitlan_692_1625,692,1625,103671,0,103671
atitlan,atitlan_694_1629,694,1629,103515,0,103515
atitlan,atitlan_692_1624,692,1624,103504,0,103504
atitlan,atitlan_701_1624,701,1624,103417,0,103417
atitlan,atitlan_698_1623,698,1623,103055,0,103055
atitlan,atitlan_693_1623,693,1623,102768,0,102768
atitlan,atitlan_688_1624,688,1624,102076,0,102076
atitlan,atitlan_697_1629,697,1629,101880,1,101881
atitlan,atitlan_687_1627,687,1627,101789,34,101823
atitlan,atitlan_699_1622,699,1622,100702,0,100702
atitlan,atitlan_690_1628,690,1628,100067,0,100067
atitlan,atitlan_687_1625,687,1625,99076,0,99076
atitlan,atitlan_691_1622,691,1622,98929,0,98929
atitlan,atitlan_700_1621,700,1621,98661,0,98661
atitlan,atitlan_700_1626,700,1626,98524,0,98524
atitlan,atitlan_689_1623,689,1623,98448,0,98448
atitlan,atitlan_693_1629,693,1629,98425,0,98425
atitlan,atitlan_701_1625,701,1625,95775,0,95775
atitlan,atitlan_699_1628,699,1628,95406,0,95406
atitlan,atitlan_694_1623,694,1623,93661,0,93661
atitlan,atitlan_685_1626,685,1626,93317,2,93319
atitlan,atitlan_692_1629,692,1629,91003,0,91003
atitlan,atitlan_689_1618,689,1618,86317,5,86322
atitlan,atitlan_695_1623,695,1623,83319,0,83319
atitlan,atitlan_697_1623,697,1623,82987,0,82987
atitlan,atitlan_700_1627,700,1627,81506,0,81506
atitlan,atitlan_699_1621,699,1621,79344,11,79355
atitlan,atitlan_686_1627,686,1627,79085,1,79086
atitlan,atitlan_688_1617,688,1617,78841,190,79031
atitlan,atitlan_692_1622,692,1622,78592,0,78592
atitlan,atitlan_689_1628,689,1628,78354,2,78356
atitlan,atitlan_696_1623,696,1623,76638,1,76639
atitlan,atitlan_690_1621,690,1621,75571,18,75589
atitlan,atitlan_698_1622,698,1622,74838,0,74838
atitlan,atitlan_686_1625,686,1625,70259,1,70260
atitlan,atitlan_693_1622,693,1622,67415,1,67416
atitlan,atitlan_698_1629,698,1629,66011,0,66011
atitlan,atitlan_691_1629,691,1629,65973,0,65973
atitlan,atitlan_700_1620,700,1620,65711,0,65711
atitlan,atitlan_701_1621,701,1621,62129,0,62129
atitlan,atitlan_687_1624,687,1624,62107,0,62107
atitlan,atitlan_697_1630,697,1630,59891,3,59894
atitlan,atitlan_696_1630,696,1630,59176,2,59178
atitlan,atitlan_702_1622,702,1622,57859,0,57859
atitlan,atitlan_689_1622,689,1622,54468,0,54468
atitlan,atitlan_702_1623,702,1623,52487,0,52487
atitlan,atitlan_685_1625,685,1625,48761,1,48762
atitlan,atitlan_689_1617,689,1617,46190,583,46773
atitlan,atitlan_689_1619,689,1619,44821,9,44830
atitlan,atitlan_690_1620,690,1620,44404,97,44501
atitlan,atitlan_702_1624,702,1624,43691,1,43692
atitlan,atitlan_688_1616,688,1616,42416,754,43170
atitlan,atitlan_688_1623,688,1623,41345,0,41345
atitlan,atitlan_695_1630,695,1630,40706,1,40707
atitlan,atitlan_691_1621,691,1621,37200,45,37245
atitlan,atitlan_694_1630,694,1630,37176,0,37176
atitlan,atitlan_700_1619,700,1619,36890,202,37092
atitlan,atitlan_700_1628,700,1628,35333,2,35335
atitlan,atitlan_688_1618,688,1618,33197,6,33203
atitlan,atitlan_702_1625,702,1625,33041,0,33041
atitlan,atitlan_693_1630,693,1630,32058,0,32058
atitlan,atitlan_684_1626,684,1626,31925,6,31931
atitlan,atitlan_699_1629,699,1629,31909,0,31909
atitlan,atitlan_701_1626,701,1626,31850,0,31850
atitlan,atitlan_688_1628,688,1628,31250,0,31250
atitlan,atitlan_690_1619,690,1619,26841,14,26855
atitlan,atitlan_687_1628,687,1628,26613,4,26617
atitlan,atitlan_689_1621,689,1621,25682,0,25682
atitlan,atitlan_685_1627,685,1627,24603,45,24648
atitlan,atitlan_690_1629,690,1629,20374,0,20374
atitlan,atitlan_697_1622,697,1622,19591,0,19591
atitlan,atitlan_690_1618,690,1618,18835,28,18863
atitlan,atitlan_702_1621,702,1621,18215,0,18215
atitlan,atitlan_689_1629,689,1629,14289,2,14291
atitlan,atitlan_686_1628,686,1628,13846,4,13850
atitlan,atitlan_692_1630,692,1630,11633,0,11633
atitlan,atitlan_694_1622,694,1622,10823,0,10823
atitlan,atitlan_684_1625,684,1625,10257,2,10259
atitlan,atitlan_701_1620,701,1620,10253,0,10253
atitlan,atitlan_689_1620,689,1620,9992,4,9996
atitlan,atitlan_698_1621,698,1621,8693,1,8694
atitlan,atitlan_697_1631,697,1631,8426,0,8426
atitlan,atitlan_701_1627,701,1627,8201,0,8201
atitlan,atitlan_692_1621,692,1621,6751,0,6751
atitlan,atitlan_686_1624,686,1624,4802,0,4802
atitlan,atitlan_699_1620,699,1620,4646,0,4646
atitlan,atitlan_687_1623,687,1623,4631,0,4631
atitlan,atitlan_700_1618,700,1618,3414,498,3912
atitlan,atitlan_695_1622,695,1622,2771,0,2771
atitlan,atitlan_707_1615,707,1615,2158,0,2158
atitlan,atitlan_705_1618,705,1618,2146,0,2146
atitlan,atitlan_696_1631,696,1631,2028,0,2028
atitlan,atitlan_693_1621,693,1621,1971,0,1971
atitlan,atitlan_696_1622,696,1622,1670,0,1670
atitlan,atitlan_706_1619,706,1619,1645,0,1645
atitlan,atitlan_684_1627,684,1627,1491,0,1491
atitlan,atitlan_704_1618,704,1618,1347,0,1347
atitlan,atitlan_699_1619,699,1619,1015,6,1021
atitlan,atitlan_682_1618,682,1618,955,0,955
atitlan,atitlan_689_1616,689,1616,667,183,850
atitlan,atitlan_701_1619,701,1619,565,0,565
atitlan,atitlan_703_1614,703,1614,431,0,431
atitlan,atitlan_687_1617,687,1617,376,15,391
atitlan,atitlan_681_1618,681,1618,343,0,343
atitlan,atitlan_706_1615,706,1615,340,0,340
atitlan,atitlan_683_1622,683,1622,333,0,333
atitlan,atitlan_703_1616,703,1616,316,0,316
atitlan,atitlan_706_1614,706,1614,279,0,279
atitlan,atitlan_703_1615,703,1615,216,0,216
atitlan,atitlan_703_1624,703,1624,175,0,175
atitlan,atitlan_706_1622,706,1622,169,0,169
atitlan,atitlan_687_1622,687,1622,156,0,156
atitlan,atitlan_703_1617,703,1617,126,0,126
atitlan,atitlan_707_1624,707,1624,117,0,117
atitlan,atitlan_704_1614,704,1614,116,0,116
atitlan,atitlan_705_1614,705,1614,109,0,109
atitlan,atitlan_681_1630,681,1630,100,0,100
atitlan,atitlan_705_1617,705,1617,97,0,97
atitlan,atitlan_706_1623,706,1623,86,0,86
atitlan,atitlan_683_1618,683,1618,84,0,84
atitlan,atitlan_699_1631,699,1631,84,0,84
atitlan,atitlan_702_1626,702,1626,76,0,76
atitlan,atitlan_681_1617,681,1617,67,0,67
atitlan,atitlan_705_1619,705,1619,63,0,63
atitlan,atitlan_707_1616,707,1616,62,0,62
atitlan,atitlan_682_1624,682,1624,60,0,60
atitlan,atitlan_704_1617,704,1617,49,0,49
atitlan,atitlan_686_1622,686,1622,43,0,43
atitlan,atitlan_685_1624,685,1624,41,0,41
atitlan,atitlan_682_1617,682,1617,27,0,27
atitlan,atitlan_700_1629,700,1629,22,0,22
atitlan,atitlan_706_1621,706,1621,21,0,21
atitlan,atitlan_682_1631,682,1631,19,0,19
atitlan,atitlan_704_1615,704,1615,18,0,18
atitlan,atitlan_700_1631,700,1631,17,0,17
atitlan,atitlan_683_1614,683,1614,15,0,15
atitlan,atitlan_698_1630,698,1630,12,0,12
atitlan,atitlan_707_1619,707,1619,12,0,12
atitlan,atitlan_706_1624,706,1624,9,0,9
atitlan,atitlan_699_1630,699,1630,8,0,8
atitlan,atitlan_693_1616,693,1616,7,0,7
atitlan,atitlan_706_1625,706,1625,5,0,5
atitlan,atitlan_683_1630,683,1630,3,0,3
