lago,bloque_x,bloque_y,n,positivos,fp,fn,tp,errores,x_centro,y_centro,tasa_error_pct,tasa_fp_pct,tasa_fn_pct
amatitlan,757,1601,600,81,47,0,81,47,757500.0,1601500.0,7.833333333333333,9.05587668593449,0.0
amatitlan,757,1602,20950,3017,867,54,2963,921,757500.0,1602500.0,4.39618138424821,4.834662354318853,1.7898574743122306
amatitlan,757,1603,17037,3076,900,78,2998,978,757500.0,1603500.0,5.740447261841873,6.446529618222191,2.5357607282184653
amatitlan,758,1601,32139,2109,1531,82,2027,1613,758500.0,1601500.0,5.018824481159961,5.098235098235098,3.88809862494073
amatitlan,758,1602,87912,13459,2429,258,13201,2687,758500.0,1602500.0,3.0564655564655565,3.262460881361396,1.9169329073482428
amatitlan,758,1603,5436,1057,51,2,1055,53,758500.0,1603500.0,0.9749816041206769,1.1646494633477964,0.1892147587511826
amatitlan,759,1594,10687,1,0,1,0,1,759500.0,1594500.0,0.009357162908206231,0.0,100.0
amatitlan,759,1600,647,149,46,1,148,47,759500.0,1600500.0,7.2642967542503865,9.236947791164658,0.6711409395973155
amatitlan,759,1601,36634,6416,2797,20,6396,2817,759500.0,1601500.0,7.689577987661735,9.256072539545967,0.3117206982543641
amatitlan,759,1602,64753,11153,3342,131,11022,3473,759500.0,1602500.0,5.363458063719055,6.235074626865671,1.174571864072447
amatitlan,760,1594,1137,1,0,1,0,1,760500.0,1594500.0,0.08795074758135445,0.0,100.0
amatitlan,760,1595,27,0,0,0,0,0,760500.0,1595500.0,0.0,0.0,
amatitlan,760,1596,12,0,4,0,0,4,760500.0,1596500.0,33.333333333333336,33.333333333333336,
amatitlan,760,1600,61257,8705,3090,60,8645,3150,760500.0,1600500.0,5.142269454919438,5.879890394276146,0.6892590465249856
amatitlan,760,1601,98717,17499,1719,13,17486,1732,760500.0,1601500.0,1.7545103680217187,2.11652589327489,0.07428995942625292
amatitlan,760,1602,45009,7691,1217,70,7621,1287,760500.0,1602500.0,2.8594281143771245,3.261160833913929,0.9101547263034716
amatitlan,760,1603,1,0,0,0,0,0,760500.0,1603500.0,0.0,0.0,
amatitlan,761,1599,25798,290,405,89,201,494,761500.0,1599500.0,1.9148771222575394,1.5877371804923945,30.689655172413794
amatitlan,761,1600,77895,5806,4019,311,5495,4330,761500.0,1600500.0,5.558765004172283,5.575053059412671,5.356527729934551
amatitlan,761,1601,54973,6796,2391,185,6611,2576,761500.0,1601500.0,4.685936732577811,4.962949125101189,2.72218952324897
amatitlan,761,1602,46719,5323,2138,186,5137,2324,761500.0,1602500.0,4.974421541556969,5.16475021741231,3.494270148412549
amatitlan,761,1603,6216,931,285,21,910,306,761500.0,1603500.0,4.922779922779923,5.392620624408704,2.255639097744361
amatitlan,762,1598,29023,609,175,29,580,204,762500.0,1598500.0,0.7028908107363125,0.6158935735904836,4.761904761904762
amatitlan,762,1599,45749,970,889,252,718,1141,762500.0,1599500.0,2.4940435856521455,1.9853056120056276,25.97938144329897
amatitlan,762,1600,24426,2294,1420,116,2178,1536,762500.0,1600500.0,6.288381233112258,6.416049159587927,5.056669572798605
amatitlan,762,1601,2895,693,222,28,665,250,762500.0,1601500.0,8.635578583765112,10.08174386920981,4.040404040404041
amatitlan,762,1602,3233,413,142,20,393,162,762500.0,1602500.0,5.010825858335911,5.035460992907802,4.842615012106537
amatitlan,763,1596,18047,1137,282,21,1116,303,763500.0,1596500.0,1.6789494098742173,1.667652276759314,1.8469656992084433
amatitlan,763,1597,75560,2895,457,67,2828,524,763500.0,1597500.0,0.6934886183165696,0.6289135071905319,2.31433506044905
amatitlan,763,1598,92436,2131,413,32,2099,445,763500.0,1598500.0,0.4814141676403133,0.45733901777310226,1.5016424213984045
amatitlan,763,1599,7669,180,46,5,175,51,763500.0,1599500.0,0.6650149954361716,0.6142342101749232,2.7777777777777777
amatitlan,764,1594,4,0,1,0,0,1,764500.0,1594500.0,25.0,25.0,
amatitlan,764,1595,5424,303,238,7,296,245,764500.0,1595500.0,4.516961651917404,4.647529779339973,2.31023102310231
amatitlan,764,1596,101118,10234,1410,181,10053,1591,764500.0,1596500.0,1.5734092842026148,1.5514281941815942,1.7686144225131912
amatitlan,764,1597,110000,1191,747,24,1167,771,764500.0,1597500.0,0.7009090909090909,0.6865240926761573,2.0151133501259446
amatitlan,764,1598,54818,1966,499,172,1794,671,764500.0,1598500.0,1.2240504943631654,0.9441459169000227,8.748728382502543
amatitlan,764,1601,791,251,297,27,224,324,764500.0,1601500.0,40.960809102402024,55.0,10.756972111553784
amatitlan,765,1595,15099,1449,176,2,1447,178,765500.0,1595500.0,1.1788860189416517,1.2893772893772895,0.13802622498274672
amatitlan,765,1596,70988,9023,1229,196,8827,1425,765500.0,1596500.0,2.007381529272553,1.9833777132252077,2.1722265321955003
amatitlan,765,1597,73837,2574,475,35,2539,510,765500.0,1597500.0,0.6907106193371887,0.6665450514292129,1.3597513597513597
amatitlan,765,1598,62516,2599,768,336,2263,1104,765500.0,1598500.0,1.7659479173331627,1.28177311948195,12.928049249711428
amatitlan,766,1595,12,0,0,0,0,0,766500.0,1595500.0,0.0,0.0,
amatitlan,766,1597,26,0,16,0,0,16,766500.0,1597500.0,61.53846153846154,61.53846153846154,
amatitlan,766,1598,12119,438,738,55,383,793,766500.0,1598500.0,6.543444178562588,6.317952230117284,12.557077625570777
amatitlan,767,1598,12,0,8,0,0,8,767500.0,1598500.0,66.66666666666667,66.66666666666667,
atitlan,681,1617,67,0,6,0,0,6,681500.0,1617500.0,8.955223880597014,8.955223880597014,
atitlan,681,1618,343,0,0,0,0,0,681500.0,1618500.0,0.0,0.0,
atitlan,681,1630,100,0,0,0,0,0,681500.0,1630500.0,0.0,0.0,
atitlan,682,1617,27,0,0,0,0,0,682500.0,1617500.0,0.0,0.0,
atitlan,682,1618,955,0,0,0,0,0,682500.0,1618500.0,0.0,0.0,
atitlan,682,1624,60,0,0,0,0,0,682500.0,1624500.0,0.0,0.0,
atitlan,682,1631,19,0,0,0,0,0,682500.0,1631500.0,0.0,0.0,
atitlan,683,1614,15,0,5,0,0,5,683500.0,1614500.0,33.333333333333336,33.333333333333336,
atitlan,683,1618,84,0,0,0,0,0,683500.0,1618500.0,0.0,0.0,
atitlan,683,1622,333,0,0,0,0,0,683500.0,1622500.0,0.0,0.0,
atitlan,683,1630,3,0,0,0,0,0,683500.0,1630500.0,0.0,0.0,
atitlan,684,1625,10259,2,19,1,1,20,684500.0,1625500.0,0.19495077492933036,0.1852393487374476,50.0
atitlan,684,1626,31931,6,24,6,0,30,684500.0,1626500.0,0.09395258526197113,0.07517619420516837,100.0
atitlan,684,1627,1491,0,0,0,0,0,684500.0,1627500.0,0.0,0.0,
atitlan,685,1624,41,0,0,0,0,0,685500.0,1624500.0,0.0,0.0,
atitlan,685,1625,48762,1,0,1,0,1,685500.0,1625500.0,0.002050777244575694,0.0,100.0
atitlan,685,1626,93319,2,1,1,1,2,685500.0,1626500.0,0.0021431862750350946,0.0010716161042468146,50.0
atitlan,685,1627,24648,45,0,45,0,45,685500.0,1627500.0,0.18257059396299902,0.0,100.0
atitlan,686,1622,43,0,0,0,0,0,686500.0,1622500.0,0.0,0.0,
atitlan,686,1624,4802,0,0,0,0,0,686500.0,1624500.0,0.0,0.0,
atitlan,686,1625,70260,1,0,1,0,1,686500.0,1625500.0,0.0014232849416453174,0.0,100.0
atitlan,686,1626,109433,2,0,2,0,2,686500.0,1626500.0,0.0018276022771924374,0.0,100.0
atitlan,686,1627,79086,1,0,1,0,1,686500.0,1627500.0,0.001264446298965683,0.0,100.0
atitlan,686,1628,13850,4,4,4,0,8,686500.0,1628500.0,0.05776173285198556,0.02888920988010978,100.0
atitlan,687,1617,391,15,24,0,15,24,687500.0,1617500.0,6.138107416879795,6.382978723404255,0.0
atitlan,687,1622,156,0,0,0,0,0,687500.0,1622500.0,0.0,0.0,
atitlan,687,1623,4631,0,0,0,0,0,687500.0,1623500.0,0.0,0.0,
atitlan,687,1624,62107,0,0,0,0,0,687500.0,1624500.0,0.0,0.0,
atitlan,687,1625,99076,0,0,0,0,0,687500.0,1625500.0,0.0,0.0,
atitlan,687,1626,109955,0,0,0,0,0,687500.0,1626500.0,0.0,0.0,
atitlan,687,1627,101823,34,8,28,6,36,687500.0,1627500.0,0.035355469785804776,0.007859395416007624,82.3529411764706
atitlan,687,1628,26617,4,12,4,0,16,687500.0,1628500.0,0.06011195852274862,0.04509074512456318,100.0
atitlan,688,1616,43170,754,833,168,586,1001,688500.0,1616500.0,2.3187398656474403,1.9638815541305168,22.281167108753316
atitlan,688,1617,79031,190,296,18,172,314,688500.0,1617500.0,0.39731244701446267,0.3754391750485154,9.473684210526315
atitlan,688,1618,33203,6,15,5,1,20,688500.0,1618500.0,0.060235520886666866,0.04518480585595084,83.33333333333333
atitlan,688,1623,41345,0,0,0,0,0,688500.0,1623500.0,0.0,0.0,
atitlan,688,1624,102076,0,0,0,0,0,688500.0,1624500.0,0.0,0.0,
atitlan,688,1625,109911,0,0,0,0,0,688500.0,1625500.0,0.0,0.0,
atitlan,688,1626,109853,0,0,0,0,0,688500.0,1626500.0,0.0,0.0,
atitlan,688,1627,103948,7,0,7,0,7,688500.0,1627500.0,0.00673413629891869,0.0,100.0
atitlan,688,1628,31250,0,0,0,0,0,688500.0,1628500.0,0.0,0.0,
atitlan,689,1616,850,183,90,8,175,98,689500.0,1616500.0,11.529411764705882,13.493253373313344,4.371584699453552
atitlan,689,1617,46773,583,838,36,547,874,689500.0,1617500.0,1.868599405640006,1.8142455076856463,6.174957118353345
atitlan,689,1618,86322,5,12,5,0,17,689500.0,1618500.0,0.019693704965130558,0.013902244053894366,100.0
atitlan,689,1619,44830,9,6,9,0,15,689500.0,1619500.0,0.03345973678340397,0.013386582182459115,100.0
atitlan,689,1620,9996,4,8,0,4,8,689500.0,1620500.0,0.08003201280512205,0.08006405124099279,0.0
atitlan,689,1621,25682,0,0,0,0,0,689500.0,1621500.0,0.0,0.0,
atitlan,689,1622,54468,0,0,0,0,0,689500.0,1622500.0,0.0,0.0,
atitlan,689,1623,98448,0,0,0,0,0,689500.0,1623500.0,0.0,0.0,
atitlan,689,1624,108198,0,0,0,0,0,689500.0,1624500.0,0.0,0.0,
atitlan,689,1625,108257,0,0,0,0,0,689500.0,1625500.0,0.0,0.0,
atitlan,689,1626,107856,0,0,0,0,0,689500.0,1626500.0,0.0,0.0,
atitlan,689,1627,107532,0,0,0,0,0,689500.0,1627500.0,0.0,0.0,
atitlan,689,1628,78356,2,0,2,0,2,689500.0,1628500.0,0.0025524529072438614,0.0,100.0
atitlan,689,1629,14291,2,0,2,0,2,689500.0,1629500.0,0.013994821915891121,0.0,100.0
atitlan,690,1618,18863,28,64,21,7,85,690500.0,1618500.0,0.45061761119652227,0.3397929386779931,75.0
atitlan,690,1619,26855,14,20,14,0,34,690500.0,1619500.0,0.12660584621113385,0.07451287209865504,100.0
atitlan,690,1620,44501,97,144,48,49,192,690500.0,1620500.0,0.4314509786296937,0.3242951085487794,49.48453608247423
atitlan,690,1621,75589,18,0,18,0,18,690500.0,1621500.0,0.02381298866237151,0.0,100.0
atitlan,690,1622,103696,0,0,0,0,0,690500.0,1622500.0,0.0,0.0,
atitlan,690,1623,107397,0,0,0,0,0,690500.0,1623500.0,0.0,0.0,
atitlan,690,1624,106060,0,0,0,0,0,690500.0,1624500.0,0.0,0.0,
atitlan,690,1625,106288,0,0,0,0,0,690500.0,1625500.0,0.0,0.0,
atitlan,690,1626,106263,0,0,0,0,0,690500.0,1626500.0,0.0,0.0,
atitlan,690,1627,107097,0,0,0,0,0,690500.0,1627500.0,0.0,0.0,
atitlan,690,1628,100067,0,0,0,0,0,690500.0,1628500.0,0.0,0.0,
atitlan,690,1629,20374,0,0,0,0,0,690500.0,1629500.0,0.0,0.0,
atitlan,691,1621,37245,45,11,42,3,53,691500.0,1621500.0,0.14230097999731509,0.02956989247311828,93.33333333333333
atitlan,691,1622,98929,0,0,0,0,0,691500.0,1622500.0,0.0,0.0,
atitlan,691,1623,105282,0,0,0,0,0,691500.0,1623500.0,0.0,0.0,
atitlan,691,1624,104328,0,0,0,0,0,691500.0,1624500.0,0.0,0.0,
atitlan,691,1625,104585,0,0,0,0,0,691500.0,1625500.0,0.0,0.0,
atitlan,691,1626,105414,0,0,0,0,0,691500.0,1626500.0,0.0,0.0,
atitlan,691,1627,106527,0,0,0,0,0,691500.0,1627500.0,0.0,0.0,
atitlan,691,1628,104414,0,0,0,0,0,691500.0,1628500.0,0.0,0.0,
atitlan,691,1629,65973,0,0,0,0,0,691500.0,1629500.0,0.0,0.0,
atitlan,692,1621,6751,0,0,0,0,0,692500.0,1621500.0,0.0,0.0,
atitlan,692,1622,78592,0,0,0,0,0,692500.0,1622500.0,0.0,0.0,
atitlan,692,1623,104224,0,0,0,0,0,692500.0,1623500.0,0.0,0.0,
atitlan,692,1624,103504,0,0,0,0,0,692500.0,1624500.0,0.0,0.0,
atitlan,692,1625,103671,0,0,0,0,0,692500.0,1625500.0,0.0,0.0,
atitlan,692,1626,105370,0,0,0,0,0,692500.0,1626500.0,0.0,0.0,
atitlan,692,1627,107331,0,0,0,0,0,692500.0,1627500.0,0.0,0.0,
atitlan,692,1628,107843,0,0,0,0,0,692500.0,1628500.0,0.0,0.0,
atitlan,692,1629,91003,0,0,0,0,0,692500.0,1629500.0,0.0,0.0,
atitlan,692,1630,11633,0,0,0,0,0,692500.0,1630500.0,0.0,0.0,
atitlan,693,1616,7,0,0,0,0,0,693500.0,1616500.0,0.0,0.0,
atitlan,693,1621,1971,0,0,0,0,0,693500.0,1621500.0,0.0,0.0,
atitlan,693,1622,67416,1,5,0,1,5,693500.0,1622500.0,0.007416637000118667,0.007416747014759326,0.0
atitlan,693,1623,102768,0,0,0,0,0,693500.0,1623500.0,0.0,0.0,
atitlan,693,1624,104926,0,0,0,0,0,693500.0,1624500.0,0.0,0.0,
atitlan,693,1625,103907,0,0,0,0,0,693500.0,1625500.0,0.0,0.0,
atitlan,693,1626,104880,0,0,0,0,0,693500.0,1626500.0,0.0,0.0,
atitlan,693,1627,107233,0,0,0,0,0,693500.0,1627500.0,0.0,0.0,
atitlan,693,1628,108434,0,0,0,0,0,693500.0,1628500.0,0.0,0.0,
atitlan,693,1629,98425,0,0,0,0,0,693500.0,1629500.0,0.0,0.0,
atitlan,693,1630,32058,0,0,0,0,0,693500.0,1630500.0,0.0,0.0,
atitlan,694,1622,10823,0,0,0,0,0,694500.0,1622500.0,0.0,0.0,
atitlan,694,1623,93661,0,0,0,0,0,694500.0,1623500.0,0.0,0.0,
atitlan,694,1624,105911,0,0,0,0,0,694500.0,1624500.0,0.0,0.0,
atitlan,694,1625,104013,0,0,0,0,0,694500.0,1625500.0,0.0,0.0,
atitlan,694,1626,104903,0,0,0,0,0,694500.0,1626500.0,0.0,0.0,
atitlan,694,1627,107550,0,0,0,0,0,694500.0,1627500.0,0.0,0.0,
atitlan,694,1628,108571,3,0,3,0,3,694500.0,1628500.0,0.002763168801982113,0.0,100.0
atitlan,694,1629,103515,0,0,0,0,0,694500.0,1629500.0,0.0,0.0,
atitlan,694,1630,37176,0,0,0,0,0,694500.0,1630500.0,0.0,0.0,
atitlan,695,1622,2771,0,0,0,0,0,695500.0,1622500.0,0.0,0.0,
atitlan,695,1623,83319,0,0,0,0,0,695500.0,1623500.0,0.0,0.0,
atitlan,695,1624,106536,0,0,0,0,0,695500.0,1624500.0,0.0,0.0,
atitlan,695,1625,105329,0,0,0,0,0,695500.0,1625500.0,0.0,0.0,
atitlan,695,1626,107075,0,0,0,0,0,695500.0,1626500.0,0.0,0.0,
atitlan,695,1627,107494,0,0,0,0,0,695500.0,1627500.0,0.0,0.0,
atitlan,695,1628,107669,0,0,0,0,0,695500.0,1628500.0,0.0,0.0,
atitlan,695,1629,104284,0,0,0,0,0,695500.0,1629500.0,0.0,0.0,
atitlan,695,1630,40707,1,0,1,0,1,695500.0,1630500.0,0.002456579949394453,0.0,100.0
atitlan,696,1622,1670,0,0,0,0,0,696500.0,1622500.0,0.0,0.0,
atitlan,696,1623,76639,1,0,1,0,1,696500.0,1623500.0,0.0013048186954422683,0.0,100.0
atitlan,696,1624,107538,0,0,0,0,0,696500.0,1624500.0,0.0,0.0,
atitlan,696,1625,105620,0,0,0,0,0,696500.0,1625500.0,0.0,0.0,
atitlan,696,1626,106553,0,0,0,0,0,696500.0,1626500.0,0.0,0.0,
atitlan,696,1627,106073,0,0,0,0,0,696500.0,1627500.0,0.0,0.0,
atitlan,696,1628,106682,1,0,1,0,1,696500.0,1628500.0,0.0009373652537447742,0.0,100.0
atitlan,696,1629,105845,0,0,0,0,0,696500.0,1629500.0,0.0,0.0,
atitlan,696,1630,59178,2,0,2,0,2,696500.0,1630500.0,0.00337963432356619,0.0,100.0
atitlan,696,1631,2028,0,0,0,0,0,696500.0,1631500.0,0.0,0.0,
atitlan,697,1622,19591,0,0,0,0,0,697500.0,1622500.0,0.0,0.0,
atitlan,697,1623,82987,0,0,0,0,0,697500.0,1623500.0,0.0,0.0,
atitlan,697,1624,106864,0,0,0,0,0,697500.0,1624500.0,0.0,0.0,
atitlan,697,1625,105188,0,0,0,0,0,697500.0,1625500.0,0.0,0.0,
atitlan,697,1626,105336,0,0,0,0,0,697500.0,1626500.0,0.0,0.0,
atitlan,697,1627,106043,0,0,0,0,0,697500.0,1627500.0,0.0,0.0,
atitlan,697,1628,107296,0,0,0,0,0,697500.0,1628500.0,0.0,0.0,
atitlan,697,1629,101881,1,0,1,0,1,697500.0,1629500.0,0.000981537283693721,0.0,100.0
atitlan,697,1630,59894,3,5,2,1,7,697500.0,1630500.0,0.01168731425518416,0.008348499774590507,66.66666666666667
atitlan,697,1631,8426,0,0,0,0,0,697500.0,1631500.0,0.0,0.0,
atitlan,698,1621,8694,1,0,1,0,1,698500.0,1621500.0,0.011502185415228893,0.0,100.0
atitlan,698,1622,74838,0,0,0,0,0,698500.0,1622500.0,0.0,0.0,
atitlan,698,1623,103055,0,0,0,0,0,698500.0,1623500.0,0.0,0.0,
atitlan,698,1624,106717,0,0,0,0,0,698500.0,1624500.0,0.0,0.0,
atitlan,698,1625,106543,0,0,0,0,0,698500.0,1625500.0,0.0,0.0,
atitlan,698,1626,107072,0,0,0,0,0,698500.0,1626500.0,0.0,0.0,
atitlan,698,1627,107245,0,0,0,0,0,698500.0,1627500.0,0.0,0.0,
atitlan,698,1628,105615,0,0,0,0,0,698500.0,1628500.0,0.0,0.0,
atitlan,698,1629,66011,0,0,0,0,0,698500.0,1629500.0,0.0,0.0,
atitlan,698,1630,12,0,0,0,0,0,698500.0,1630500.0,0.0,0.0,
atitlan,699,1619,1021,6,18,0,6,18,699500.0,1619500.0,1.762977473065622,1.7733990147783252,0.0
atitlan,699,1620,4646,0,0,0,0,0,699500.0,1620500.0,0.0,0.0,
atitlan,699,1621,79355,11,0,11,0,11,699500.0,1621500.0,0.013861760443576334,0.0,100.0
atitlan,699,1622,100702,0,0,0,0,0,699500.0,1622500.0,0.0,0.0,
atitlan,699,1623,107053,0,0,0,0,0,699500.0,1623500.0,0.0,0.0,
atitlan,699,1624,107679,0,0,0,0,0,699500.0,1624500.0,0.0,0.0,
atitlan,699,1625,107588,0,0,0,0,0,699500.0,1625500.0,0.0,0.0,
atitlan,699,1626,107608,0,0,0,0,0,699500.0,1626500.0,0.0,0.0,
atitlan,699,1627,106885,0,0,0,0,0,699500.0,1627500.0,0.0,0.0,
atitlan,699,1628,95406,0,0,0,0,0,699500.0,1628500.0,0.0,0.0,
atitlan,699,1629,31909,0,0,0,0,0,699500.0,1629500.0,0.0,0.0,
atitlan,699,1630,8,0,0,0,0,0,699500.0,1630500.0,0.0,0.0,
atitlan,699,1631,84,0,0,0,0,0,699500.0,1631500.0,0.0,0.0,
atitlan,700,1618,3912,498,292,57,441,349,700500.0,1618500.0,8.921267893660533,8.553016988869361,11.44578313253012
atitlan,700,1619,37092,202,284,54,148,338,700500.0,1619500.0,0.9112477084007333,0.7698563296286256,26.73267326732673
atitlan,700,1620,65711,0,5,0,0,5,700500.0,1620500.0,0.007609076105979212,0.007609076105979212,
atitlan,700,1621,98661,0,0,0,0,0,700500.0,1621500.0,0.0,0.0,
atitlan,700,1622,106582,0,0,0,0,0,700500.0,1622500.0,0.0,0.0,
atitlan,700,1623,106746,0,0,0,0,0,700500.0,1623500.0,0.0,0.0,
atitlan,700,1624,106574,0,0,0,0,0,700500.0,1624500.0,0.0,0.0,
atitlan,700,1625,104688,0,0,0,0,0,700500.0,1625500.0,0.0,0.0,
atitlan,700,1626,98524,0,0,0,0,0,700500.0,1626500.0,0.0,0.0,
atitlan,700,1627,81506,0,0,0,0,0,700500.0,1627500.0,0.0,0.0,
atitlan,700,1628,35335,2,0,2,0,2,700500.0,1628500.0,0.005660110372152257,0.0,100.0
atitlan,700,1629,22,0,0,0,0,0,700500.0,1629500.0,0.0,0.0,
atitlan,700,1631,17,0,0,0,0,0,700500.0,1631500.0,0.0,0.0,
atitlan,701,1619,565,0,0,0,0,0,701500.0,1619500.0,0.0,0.0,
atitlan,701,1620,10253,0,0,0,0,0,701500.0,1620500.0,0.0,0.0,
atitlan,701,1621,62129,0,0,0,0,0,701500.0,1621500.0,0.0,0.0,
atitlan,701,1622,103855,0,0,0,0,0,701500.0,1622500.0,0.0,0.0,
atitlan,701,1623,105736,0,0,0,0,0,701500.0,1623500.0,0.0,0.0,
atitlan,701,1624,103417,0,0,0,0,0,701500.0,1624500.0,0.0,0.0,
atitlan,701,1625,95775,0,0,0,0,0,701500.0,1625500.0,0.0,0.0,
atitlan,701,1626,31850,0,0,0,0,0,701500.0,1626500.0,0.0,0.0,
atitlan,701,1627,8201,0,0,0,0,0,701500.0,1627500.0,0.0,0.0,
atitlan,702,1621,18215,0,0,0,0,0,702500.0,1621500.0,0.0,0.0,
atitlan,702,1622,57859,0,0,0,0,0,702500.0,1622500.0,0.0,0.0,
atitlan,702,1623,52487,0,0,0,0,0,702500.0,1623500.0,0.0,0.0,
atitlan,702,1624,43692,1,0,1,0,1,702500.0,1624500.0,0.002288748512313467,0.0,100.0
atitlan,702,1625,33041,0,0,0,0,0,702500.0,1625500.0,0.0,0.0,
atitlan,702,1626,76,0,0,0,0,0,702500.0,1626500.0,0.0,0.0,
atitlan,703,1614,431,0,0,0,0,0,703500.0,1614500.0,0.0,0.0,
atitlan,703,1615,216,0,0,0,0,0,703500.0,1615500.0,0.0,0.0,
atitlan,703,1616,316,0,0,0,0,0,703500.0,1616500.0,0.0,0.0,
atitlan,703,1617,126,0,0,0,0,0,703500.0,1617500.0,0.0,0.0,
atitlan,703,1624,175,0,0,0,0,0,703500.0,1624500.0,0.0,0.0,
atitlan,704,1614,116,0,0,0,0,0,704500.0,1614500.0,0.0,0.0,
atitlan,704,1615,18,0,0,0,0,0,704500.0,1615500.0,0.0,0.0,
atitlan,704,1617,49,0,0,0,0,0,704500.0,1617500.0,0.0,0.0,
atitlan,704,1618,1347,0,0,0,0,0,704500.0,1618500.0,0.0,0.0,
atitlan,705,1614,109,0,0,0,0,0,705500.0,1614500.0,0.0,0.0,
atitlan,705,1617,97,0,0,0,0,0,705500.0,1617500.0,0.0,0.0,
atitlan,705,1618,2146,0,0,0,0,0,705500.0,1618500.0,0.0,0.0,
atitlan,705,1619,63,0,0,0,0,0,705500.0,1619500.0,0.0,0.0,
atitlan,706,1614,279,0,0,0,0,0,706500.0,1614500.0,0.0,0.0,
atitlan,706,1615,340,0,0,0,0,0,706500.0,1615500.0,0.0,0.0,
atitlan,706,1619,1645,0,0,0,0,0,706500.0,1619500.0,0.0,0.0,
atitlan,706,1621,21,0,0,0,0,0,706500.0,1621500.0,0.0,0.0,
atitlan,706,1622,169,0,0,0,0,0,706500.0,1622500.0,0.0,0.0,
atitlan,706,1623,86,0,0,0,0,0,706500.0,1623500.0,0.0,0.0,
atitlan,706,1624,9,0,0,0,0,0,706500.0,1624500.0,0.0,0.0,
atitlan,706,1625,5,0,0,0,0,0,706500.0,1625500.0,0.0,0.0,
atitlan,707,1615,2158,0,0,0,0,0,707500.0,1615500.0,0.0,0.0,
atitlan,707,1616,62,0,0,0,0,0,707500.0,1616500.0,0.0,0.0,
atitlan,707,1619,12,0,0,0,0,0,707500.0,1619500.0,0.0,0.0,
atitlan,707,1624,117,0,0,0,0,0,707500.0,1624500.0,0.0,0.0,
