comment_id,video_id,author_channel_id,channel_name,category,comunidad,sentimiento_score_base,sentimiento_base,sentimiento_score,sentimiento
Ugw-J65a1iYL9hqhELh4AaABAg,j43HgwYFKfk,UCdFlugHJJa4l3YqWuNRmvXw,Quorum,News & Politics,1,-1.0,negativo,-1.0,negativo
Ugw-ZT9t9wU2V-tCaUZ4AaABAg,06mFNPU0aB8,UCvl1tzQeBeGy6efPTRJXSCw,Noti7,News & Politics,2,1.0,positivo,1.0,positivo
Ugw0xaOb2CYXXoudtwJ4AaABAg,j43HgwYFKfk,UCRAquv8el-tQ30bN7MlmySQ,Quorum,News & Politics,1,0.0,neutral,0.0,neutral
Ugw0xgUc2ISpBr5_T654AaABAg,j43HgwYFKfk,UCkbsS_3D-pvg1iHOld9uvIg,Quorum,News & Politics,1,0.0,neutral,0.0,neutral
Ugw1ZzA21njWhaqQQTh4AaABAg,OkXlHx0hx-8,UCOLHH4ZpMxPYF-Q6e6wvn5A,Noticias Telemundo,News & Politics,6,0.0,neutral,0.0,neutral
Ugw1ZzA21njWhaqQQTh4AaABAg.Aa9Tf29tBouAaB_XZQglTL,OkXlHx0hx-8,UCi2KiZq63sRq8Mfbcp-MelQ,Noticias Telemundo,News & Politics,6,0.0,neutral,0.0,neutral
Ugw2014OIYf336oytFt4AaABAg,yLZS3JiEBg8,UCXl30Y_upRqbti52fmjK4YA,Quorum,News & Politics,3,0.0,neutral,1.0,positivo
Ugw2bSVOoNn2pc8ZcUl4AaABAg,n8iP75gIpmw,UCRelkU8JiZBytTzebJxaa-w,Quorum,News & Politics,1,0.0,neutral,0.0,neutral
Ugw3gnUvLp6AqO0_odt4AaABAg,lj983NWyAQY,UCgLurCo-e019HGODcjXHWCw,Municipalidad de Guatemala,News & Politics,10,0.0,neutral,0.0,neutral
Ugw4C1ijI36l6LAiSZh4AaABAg,n8iP75gIpmw,UCDIMztpVm7G27qBuiWuT6oQ,Quorum,News & Politics,1,0.0,neutral,0.0,neutral
Ugw4St_YnT9_Ya5xSPt4AaABAg,ndAZjHqzzT8,UCZOmq6MwFDVoCaEl99BRRaw,Quorum,News & Politics,3,0.0,neutral,-1.0,negativo
Ugw4ccnmIWJaE6VNRWN4AaABAg,6W4u8sGEnGM,UCFybmWapGvBKcQod7cPPH9w,Gobierno de la República de Guatemala,Entertainment,2,1.0,positivo,1.0,positivo
Ugw5E402-fn52PLXFIJ4AaABAg,n8iP75gIpmw,UCh5ESQvtzyHDhCA7XyekCFA,Quorum,News & Politics,1,0.0,neutral,0.0,neutral
Ugw5URsiAF9QVoniY-l4AaABAg,n8iP75gIpmw,UCWIZUtKJ636y-4TYrNvok0g,Quorum,News & Politics,1,0.0,neutral,0.0,neutral
Ugw5xMAuDaygo77ynI94AaABAg,n8iP75gIpmw,UCzoL2l5H5eVlorWGH8AZfAg,Quorum,News & Politics,1,0.0,neutral,-1.0,negativo
Ugw6cfXYfV4H-asKlDR4AaABAg,TT4qJ5FXHYE,UCKVzDUqbtdSMBcexaEtMmzQ,Quorum,News & Politics,7,0.0,neutral,0.0,neutral
Ugw74asIfir0_SVC6OB4AaABAg,j43HgwYFKfk,UCNpt5CQlTzNjlAKY6CJtClQ,Quorum,News & Politics,1,0.0,neutral,0.0,neutral
Ugw86zOgTwKzYotlT9l4AaABAg,n8iP75gIpmw,UCut6b9S98nv84cVX89PmKzA,Quorum,News & Politics,1,0.0,neutral,-1.0,negativo
Ugw8iZ_G2Cwq-9ZYctt4AaABAg,j43HgwYFKfk,UCQyOePccUP-fIJYzchAgZYw,Quorum,News & Politics,1,0.0,neutral,0.0,neutral
Ugw8pyxscJNUQpfoKuF4AaABAg,n8iP75gIpmw,UCOLGv5Pf6BF2wFcwUzgcvHg,Quorum,News & Politics,1,0.0,neutral,0.0,neutral
Ugw9_Qw_QaSdggWuKJt4AaABAg,06mFNPU0aB8,UCAxvOOHQk7dYPOajzFEVtbA,Noti7,News & Politics,2,0.0,neutral,0.0,neutral
Ugw9eye2GML6RHRSu-14AaABAg,n8iP75gIpmw,UCQ_-LPP8JAbfkc-b1Q6NvWw,Quorum,News & Politics,1,-1.0,negativo,-1.0,negativo
UgwA5aTmgACLCuTUT494AaABAg,lj983NWyAQY,UCXmrpc6Li0spcKxtS0Q_ptg,Municipalidad de Guatemala,News & Politics,10,1.0,positivo,1.0,positivo
UgwARHTnVAzzPrHbNox4AaABAg,n8iP75gIpmw,UCZ51R_9Q9C0c8I3pAWhtmjQ,Quorum,News & Politics,1,1.0,positivo,1.0,positivo
UgwBIwUPLGxEWAu3Mh14AaABAg,X_FAIef8qlE,UCPLW0HE3siElqCgXfgWxMqg,Quorum,News & Politics,9,0.0,neutral,1.0,positivo
UgwCW5PErySUmwse3bZ4AaABAg,OkXlHx0hx-8,UCxhtlxPV8AYWaNNyU6S9H8Q,Noticias Telemundo,News & Politics,6,1.0,positivo,1.0,positivo
UgwCfRlzeiXz172UQQV4AaABAg,yLZS3JiEBg8,UCvcu1kR8xMYy_I1Ty-2mV2Q,Quorum,News & Politics,3,1.0,positivo,1.5,positivo
UgwCw9bhAw6suYQfCWx4AaABAg,j43HgwYFKfk,UCaKAjTW9MVub_clgr4DRYjQ,Quorum,News & Politics,1,0.0,neutral,1.0,positivo
UgwEOUk-ofXNqkHW5Cx4AaABAg,n8iP75gIpmw,UCxff05WuyvwELNITi7bj7UA,Quorum,News & Politics,1,0.0,neutral,0.0,neutral
UgwEQHx8Ik7SbxBTQ914AaABAg,n8iP75gIpmw,UCZLG9qH0tUjNhEGFIUt0CYw,Quorum,News & Politics,1,0.0,neutral,0.0,neutral
UgwEjfj5ueeimHg-Hbt4AaABAg,j43HgwYFKfk,UCwgCc9Jd_gG-uLE_SY-FfPg,Quorum,News & Politics,1,0.0,neutral,0.0,neutral
UgwG3XiEgFlHKtrtTqd4AaABAg,n8iP75gIpmw,UCXSkL3ejZ8qWYyF_M7s_QKA,Quorum,News & Politics,1,-1.0,negativo,-1.0,negativo
UgwGm1V-_GN1ZPcijdl4AaABAg,n8iP75gIpmw,UChs3tU2BcKOT0CezykvAsGw,Quorum,News & Politics,1,0.0,neutral,0.0,neutral
UgwHY5LtTiQ0lBONp8N4AaABAg,n8iP75gIpmw,UC6PvO1_k5lHKGdAPo5_C6TA,Quorum,News & Politics,1,0.0,neutral,0.0,neutral
UgwIB06iEQnFOFLc9et4AaABAg,6W4u8sGEnGM,UCwxoKK59nGCeBqB2sXfDBIw,Gobierno de la República de Guatemala,Entertainment,2,0.0,neutral,-1.0,negativo
UgwIB06iEQnFOFLc9et4AaABAg.Aa-0m2jDJt2Aa42DVzs9Zy,6W4u8sGEnGM,UCWaRixDdpgllTBf4V0jPnKQ,Gobierno de la República de Guatemala,Entertainment,2,0.0,neutral,0.0,neutral
UgwIBBqN6fh6MURkwkN4AaABAg,j43HgwYFKfk,UCkVtmkK07b2zaVVNssX4lOg,Quorum,News & Politics,1,-1.0,negativo,-1.0,negativo
UgwIiqrp6EYNoFmnBAR4AaABAg,n8iP75gIpmw,UCN6qbfPSzFtjhqUDZ3Cv3CQ,Quorum,News & Politics,1,0.0,neutral,0.0,neutral
UgwIlv8gtF3WKYfHSJJ4AaABAg,j43HgwYFKfk,UC95PSMouTx2N5CbSq0hIyrQ,Quorum,News & Politics,1,0.0,neutral,0.0,neutral
UgwJ4UehO5E4j0niJU14AaABAg,n8iP75gIpmw,UCueV9cTyTDwgQSec1x2dYgA,Quorum,News & Politics,1,0.0,neutral,1.0,positivo
UgwJMFYT7I9czw_oa0V4AaABAg,n8iP75gIpmw,UC5H8ASmMC9WrURmzeB4ySog,Quorum,News & Politics,1,0.0,neutral,0.0,neutral
UgwJN55EmMcKPRb_AfB4AaABAg,n8iP75gIpmw,UCHhHUjaMAZ8SiXdCUCj9DkQ,Quorum,News & Politics,1,0.0,neutral,0.0,neutral
UgwKjHT5lyjLiqR9ym94AaABAg,n8iP75gIpmw,UCgvw7xIdGFupzpt1Y_BFkEA,Quorum,News & Politics,1,1.0,positivo,1.0,positivo
UgwL_UlN82zRUeNgVDh4AaABAg,j43HgwYFKfk,UCeDNEtI8_a42bZ47wJiJMwQ,Quorum,News & Politics,1,0.0,neutral,0.0,neutral
UgwMfCTNaiukOxMqfON4AaABAg,6W4u8sGEnGM,UCiOZX__1gahg1ypIj0_XG_w,Gobierno de la República de Guatemala,Entertainment,2,0.0,neutral,0.0,neutral
UgwNvErOoJ_qRYF6TB94AaABAg,j43HgwYFKfk,UCqCrvuoJpC-aVb0f4logQRQ,Quorum,News & Politics,1,1.0,positivo,1.0,positivo
UgwO8kzHC551ofxNYCV4AaABAg,TT4qJ5FXHYE,UCld2stqxaVSk0QdGncM224A,Quorum,News & Politics,7,1.0,positivo,1.0,positivo
UgwPCZZx2gI444cg2AV4AaABAg,n8iP75gIpmw,UCpIdtvoFHVLGASGB5ySqIEA,Quorum,News & Politics,1,0.0,neutral,0.0,neutral
UgwRLgDGrh-_TEVNOYh4AaABAg,OkXlHx0hx-8,UCtiHFjFu7d5v2XxHnKFUYig,Noticias Telemundo,News & Politics,6,0.0,neutral,0.0,neutral
UgwSDn5aIUEZwOlx9c94AaABAg,zweosulrwA8,UCQM2tCKRRytVDRxNUfCDqQQ,Quorum,Nonprofits & Activism,12,0.0,neutral,1.0,positivo
UgwSt406Q1HWBWCewI14AaABAg,6W4u8sGEnGM,UCWvntqPQx99k_Z_skWKqNSA,Gobierno de la República de Guatemala,Entertainment,2,0.0,neutral,0.0,neutral
UgwSt406Q1HWBWCewI14AaABAg.Aa-KmSVE5UgAa-M7iXQwik,6W4u8sGEnGM,UCoGdCoJg2Lh0OX_jv6cG16g,Gobierno de la República de Guatemala,Entertainment,2,0.0,neutral,0.0,neutral
UgwTyYcT2aNvGA5DK4J4AaABAg,n8iP75gIpmw,UChgkn5Jt5tWKYMoEOuCjz3Q,Quorum,News & Politics,1,0.0,neutral,0.0,neutral
UgwUZL4XYbr2lbEi1r94AaABAg,j43HgwYFKfk,UCiC-Jn7wdgyQV4_Urk0DkWQ,Quorum,News & Politics,1,0.0,neutral,0.0,neutral
UgwXm2HjtCzRKiDHflJ4AaABAg,JkpVO1hx2f8,UCQIdKuZ-OzuFqy0KjGrgesg,Quorum,News & Politics,5,0.0,neutral,0.0,neutral
UgwY0wdDJRzHsTCnLbN4AaABAg,n8iP75gIpmw,UCXr8_5WtGeipe4haOoQDgyQ,Quorum,News & Politics,1,1.0,positivo,1.0,positivo
UgwY2FW-3sBGV2CGxaJ4AaABAg,06mFNPU0aB8,UC_3xuTXvMIWU5MYP9HkJ3vQ,Noti7,News & Politics,2,1.0,positivo,1.0,positivo
UgwYTL5-XYvmQxsC3Bt4AaABAg,n8iP75gIpmw,UCFjudnPLoaSL1BaRuLahyHg,Quorum,News & Politics,1,0.0,neutral,0.0,neutral
UgwYaHf9EYIl5Pf-y514AaABAg,n8iP75gIpmw,UC-pNP6RMFuLg_-x7Ah_0kEA,Quorum,News & Politics,1,1.0,positivo,1.0,positivo
UgwZw9X6DpxCIJ6YkXZ4AaABAg,PjmxCj-a9Hg,UC1Y7x3h0c95Z8kUhi-Tzaeg,Gobierno de la República de Guatemala,Entertainment,2,-1.0,negativo,-1.0,negativo
Ugw_g00Bv3m-cnSxhMp4AaABAg,OkXlHx0hx-8,UC1WlJfQmaIskYhP4gmWoamw,Noticias Telemundo,News & Politics,6,0.0,neutral,-1.0,negativo
Ugw_wfk-1nUcdyG3muZ4AaABAg,n8iP75gIpmw,UC3MYTqpQqlWBuCB7Th0e0PA,Quorum,News & Politics,1,1.0,positivo,1.0,positivo
UgwaGYcI3FekgL1PZct4AaABAg,j43HgwYFKfk,UCOcUI5XkTYNMSFhZNMIPpGg,Quorum,News & Politics,1,0.0,neutral,0.0,neutral
UgwaokeDKlLgSdqHpW94AaABAg,n8iP75gIpmw,UCOS8ViEkccrTZx2w2ccxotA,Quorum,News & Politics,1,0.0,neutral,0.0,neutral
Ugwbnz3tRoBa7Vs3A3d4AaABAg,b_Hkrkl3adA,UC3iIU62XKUOWuqL8BqBzj9A,PrensaLibreOficial,News & Politics,1,0.0,neutral,0.0,neutral
Ugwc0TMrFYylioxh_Sh4AaABAg,6W4u8sGEnGM,UCV3fr-YOixFKCZBbJP1-X4w,Gobierno de la República de Guatemala,Entertainment,2,0.0,neutral,1.0,positivo
UgwcF8V3__81jxC8Eh14AaABAg,n8iP75gIpmw,UCmjppp6ujz3SAnULvP3sZMw,Quorum,News & Politics,1,0.0,neutral,0.0,neutral
UgwdC_aDdYB1wpgGNAt4AaABAg,lj983NWyAQY,UC5PyGvSfFM--OVKmQ3COu6g,Municipalidad de Guatemala,News & Politics,10,0.0,neutral,0.0,neutral
Ugwe0V0ssRP-r167Lzh4AaABAg,n8iP75gIpmw,UCQqetiwzzmRNTM5OWuXarGQ,Quorum,News & Politics,1,-1.0,negativo,-1.0,negativo
UgwgSP2G2qKwGGl5CSp4AaABAg,6W4u8sGEnGM,UCV3fr-YOixFKCZBbJP1-X4w,Gobierno de la República de Guatemala,Entertainment,2,1.0,positivo,1.0,positivo
UgwgoKatyznihVvDVVd4AaABAg,n8iP75gIpmw,UCCaYwkkbQGcvFoUmothVdQQ,Quorum,News & Politics,1,1.0,positivo,1.0,positivo
UgwguqWom06c5opgpiF4AaABAg,n8iP75gIpmw,UCQgYjVngJRfPHDLGB5X6ZjA,Quorum,News & Politics,1,0.0,neutral,0.0,neutral
UgwhphOY9n46ofElDut4AaABAg,PjmxCj-a9Hg,UCN2N_wYOw6fMwCeSzdXLPIw,Gobierno de la República de Guatemala,Entertainment,2,1.0,positivo,1.0,positivo
UgwiGxmosawIyTVTjnB4AaABAg,n8iP75gIpmw,UC9vMq1YF-e7C-VO0SHkbUTA,Quorum,News & Politics,1,0.0,neutral,-1.0,negativo
Ugwih8O9PeaJ_zd7FWV4AaABAg,n8iP75gIpmw,UC8F2V63KZ4ZEay6opX2hAQw,Quorum,News & Politics,1,1.0,positivo,1.0,positivo
Ugwije36G_n35mshRfp4AaABAg,6W4u8sGEnGM,UCheEJ5GZuIvV0fj-nXyVwXw,Gobierno de la República de Guatemala,Entertainment,2,1.0,positivo,1.0,positivo
UgwjKxflp7TiD0e7_494AaABAg,n8iP75gIpmw,UCujPF2nBgsTD62nWE3lcpIg,Quorum,News & Politics,1,-1.0,negativo,-1.0,negativo
Ugwjtq_DUb6ISU-ppsh4AaABAg,n8iP75gIpmw,UChs3tU2BcKOT0CezykvAsGw,Quorum,News & Politics,1,0.0,neutral,0.0,neutral
UgwkiP4fW1xfpXbZcV14AaABAg,n8iP75gIpmw,UCV0iizTBoOfdAFX_thfI9BA,Quorum,News & Politics,1,0.0,neutral,0.0,neutral
Ugwm9VajlW3ydbsf-BJ4AaABAg,6W4u8sGEnGM,UCp29O_C7cchZV8IxV7Crdag,Gobierno de la República de Guatemala,Entertainment,2,1.0,positivo,1.0,positivo
UgwmvtMMEFg5rWbrmtV4AaABAg,yLZS3JiEBg8,UCkxdJ_yGN2gghOMo2ybQtXQ,Quorum,News & Politics,3,0.0,neutral,0.0,neutral
UgwnCwptihjhFCfQK_l4AaABAg,6W4u8sGEnGM,UCjZgFEowMBrsjodqfovzdKw,Gobierno de la República de Guatemala,Entertainment,2,1.0,positivo,1.0,positivo
UgwopmNYOXxE5kyT7fF4AaABAg,n8iP75gIpmw,UC4wq3DcbfaG6dtCqn8Oyu3w,Quorum,News & Politics,1,0.0,neutral,0.0,neutral
UgwovhZaCiV0r6XOH_R4AaABAg,ndAZjHqzzT8,UCVC2QugcI1G4RvlCiUqd1aQ,Quorum,News & Politics,3,1.0,positivo,1.0,positivo
UgwoyDvqZ6NlBCvXB7t4AaABAg,yLZS3JiEBg8,UCXVLc8CmAO813ubM-fLvCDw,Quorum,News & Politics,3,0.0,neutral,0.0,neutral
Ugwp1SacIqA0qS_netd4AaABAg,n8iP75gIpmw,UCwW2OFy95P7ZBkOPxWkpvYg,Quorum,News & Politics,1,0.0,neutral,0.0,neutral
UgwpY9PE_PBfwa2_g_N4AaABAg,n8iP75gIpmw,UC3XTwHxygNCgjndsg-UiCQA,Quorum,News & Politics,1,0.0,neutral,0.0,neutral
Ugwqsca_nj4eGguiyTJ4AaABAg,j43HgwYFKfk,UCgQw_Sbq3ugruDUKsq1e0-A,Quorum,News & Politics,1,0.0,neutral,0.0,neutral
UgwrIvqGid-S983oU9J4AaABAg,n8iP75gIpmw,UCL13XhnRzbGokEkCkEOb0-g,Quorum,News & Politics,1,0.0,neutral,0.0,neutral
UgwsCWap2Jq1pNrLOWl4AaABAg,n8iP75gIpmw,UCQtSFINs1h6GHkpg9o5kMvg,Quorum,News & Politics,1,0.0,neutral,0.0,neutral
UgwtcR5U0FAkeZsiVVt4AaABAg,06mFNPU0aB8,UC2ngpd8UBQu4gcUYy0goAtg,Noti7,News & Politics,2,0.0,neutral,0.0,neutral
Ugwvm2HYh08HI1HkcXV4AaABAg,PjmxCj-a9Hg,UC7IMsCxfZyWN7YQo8-JYa6Q,Gobierno de la República de Guatemala,Entertainment,2,1.0,positivo,1.0,positivo
UgwvvK1L0aLOhCMUzfN4AaABAg,n8iP75gIpmw,UCzSfZlOVxBSs5ObD25ywxDQ,Quorum,News & Politics,1,0.0,neutral,0.0,neutral
UgwwH4OIcVCCN6SbBX14AaABAg,n8iP75gIpmw,UCLFdHr9BEbXHkoJopbEPLZw,Quorum,News & Politics,1,0.0,neutral,0.0,neutral
UgwwKfLmhHVU-Oxzqtl4AaABAg,n8iP75gIpmw,UCNkcuy42zEwddwEcOd_HpnA,Quorum,News & Politics,1,-1.0,negativo,-1.0,negativo
UgwwPrhCy2levkb6TRd4AaABAg,ndAZjHqzzT8,UCJp3OrVYcBorC94sKwdch_A,Quorum,News & Politics,3,0.5,positivo,0.7,positivo
UgwxjmtBoAozs0ZUAcd4AaABAg,is3Mk5oC19g,UCdFlugHJJa4l3YqWuNRmvXw,TN23 Guatemala,News & Politics,1,0.0,neutral,0.0,neutral
UgwxjmtBoAozs0ZUAcd4AaABAg.AaAbqoGVGipAaAjNG9oPRN,is3Mk5oC19g,UCLh1Kde4_vI1sTZBkTNP7RQ,TN23 Guatemala,News & Politics,1,0.0,neutral,0.0,neutral
UgwypjUeZBU45DrrW0d4AaABAg,n8iP75gIpmw,UCThW2XNsAaBKme5PUt7n-Zg,Quorum,News & Politics,1,0.0,neutral,0.0,neutral
Ugwz_6qtdDTbTWEUQQ94AaABAg,n8iP75gIpmw,UC6YSZqL0vEcI-niPKIMUGfw,Quorum,News & Politics,1,0.0,neutral,0.0,neutral
Ugx-G2kCu5aSwh3IR5l4AaABAg,n8iP75gIpmw,UCNBnKqWf4d-rS4HwJRQljmQ,Quorum,News & Politics,1,0.0,neutral,0.0,neutral
Ugx-cQ3Wf3whk_hssDR4AaABAg,06mFNPU0aB8,UCO0zwwLWGyDgQmWPJ5Qrr1w,Noti7,News & Politics,2,0.0,neutral,0.0,neutral
Ugx-hH6Ysw9sdv3kHPN4AaABAg,j43HgwYFKfk,UCwjUvRseNtJoItylIyIez7Q,Quorum,News & Politics,1,0.0,neutral,-1.0,negativo
Ugx1reCoIQcnK3ii2GR4AaABAg,n8iP75gIpmw,UCTwSut16JyAg3mX6LVUNGqA,Quorum,News & Politics,1,0.0,neutral,0.0,neutral
Ugx2ApaAMqe4ca4SCYx4AaABAg,n8iP75gIpmw,UCLggDc_a5HriXv7I1h02sOA,Quorum,News & Politics,1,0.0,neutral,0.0,neutral
Ugx2LwWBVc3mFGJAinB4AaABAg,n8iP75gIpmw,UC5H8ASmMC9WrURmzeB4ySog,Quorum,News & Politics,1,0.0,neutral,0.0,neutral
Ugx2byJzZBZkDMQMUqV4AaABAg,n8iP75gIpmw,UCwO2SXr0ggzwg6QWWrr01nQ,Quorum,News & Politics,1,0.0,neutral,0.0,neutral
Ugx3uDgmZQhx3Z3VOzt4AaABAg,j43HgwYFKfk,UC816IGbFCZinfYS1LRDaaHg,Quorum,News & Politics,1,0.0,neutral,0.0,neutral
Ugx3yIUZXGeiOVESIEl4AaABAg,n8iP75gIpmw,UC3qn1yJA5PeW9rkGPatQxiw,Quorum,News & Politics,1,0.0,neutral,0.0,neutral
Ugx4dn4xlUl9Jp9QJeJ4AaABAg,6W4u8sGEnGM,UCaT4saRcyqCLE657Rq2hhZQ,Gobierno de la República de Guatemala,Entertainment,2,0.0,neutral,1.0,positivo
Ugx6Wjc02tqpQUBf4NJ4AaABAg,yLZS3JiEBg8,UCc_F88PzGWtA1OPNUEASulA,Quorum,News & Politics,3,0.0,neutral,0.0,neutral
Ugx74OPnWkWaFjpFuA94AaABAg,n8iP75gIpmw,UCErZPJpHmLCsXs8ZWkAUupQ,Quorum,News & Politics,1,0.0,neutral,0.0,neutral
Ugx74OPnWkWaFjpFuA94AaABAg.A7ki-1ED5b2A7nIcG2_svP,n8iP75gIpmw,UCFjudnPLoaSL1BaRuLahyHg,Quorum,News & Politics,1,0.0,neutral,0.0,neutral
Ugx7Gvgflw7nQKqoR094AaABAg,lj983NWyAQY,UCFOxCyF926Y9eHhMeVoWLzw,Municipalidad de Guatemala,News & Politics,10,1.0,positivo,1.0,positivo
Ugx7ezRwB-DpY3VQt754AaABAg,n8iP75gIpmw,UC5H8ASmMC9WrURmzeB4ySog,Quorum,News & Politics,1,0.0,neutral,0.0,neutral
Ugx7j6oWhgfonHPJCdR4AaABAg,n8iP75gIpmw,UC72gBAtyb_VXQlYDcFrh6oQ,Quorum,News & Politics,1,0.0,neutral,0.0,neutral
Ugx8FxDKPAY-M_JhRgd4AaABAg,n8iP75gIpmw,UCi1b_TRQfgO1Z9O2gNGGWNA,Quorum,News & Politics,1,-1.0,negativo,0.3333333333333333,positivo
Ugx8vuWdqsWZslsS9R14AaABAg,WIUZtitfLRw,UCvcu1kR8xMYy_I1Ty-2mV2Q,Quorum,News & Politics,3,1.0,positivo,1.0,positivo
Ugx90cmhNaRBNDou1BR4AaABAg,OkXlHx0hx-8,UCBlm80VQ4YoV3bUJR_XhkaQ,Noticias Telemundo,News & Politics,6,0.0,neutral,0.0,neutral
Ugx90cmhNaRBNDou1BR4AaABAg.AaA5Ej9IqgQAaBaWPRQg7K,OkXlHx0hx-8,UCi2KiZq63sRq8Mfbcp-MelQ,Noticias Telemundo,News & Politics,6,0.0,neutral,0.0,neutral
Ugx90cmhNaRBNDou1BR4AaABAg.AaA5Ej9IqgQAaCnVqXU5cy,OkXlHx0hx-8,UCBlm80VQ4YoV3bUJR_XhkaQ,Noticias Telemundo,News & Politics,6,0.0,neutral,0.0,neutral
Ugx90cmhNaRBNDou1BR4AaABAg.AaA5Ej9IqgQAaCz3GqqPAJ,OkXlHx0hx-8,UCi2KiZq63sRq8Mfbcp-MelQ,Noticias Telemundo,News & Politics,6,0.0,neutral,0.0,neutral
UgxCKgaQSm13r2z9hFd4AaABAg,j43HgwYFKfk,UColMq7LmaoY3MT6aIDGrGvA,Quorum,News & Politics,1,0.0,neutral,-1.0,negativo
UgxCT5F3jO763e2aO-t4AaABAg,OkXlHx0hx-8,UCat2qkYvqmtDNEmo2PVuhXw,Noticias Telemundo,News & Politics,6,0.0,neutral,0.0,neutral
UgxCjFHfuFk1jUGvoIB4AaABAg,lj983NWyAQY,UCSTAUWVc1_82DHYeqOsqEFA,Municipalidad de Guatemala,News & Politics,10,0.0,neutral,0.0,neutral
UgxD16VX3BhREOtsuhJ4AaABAg,yLZS3JiEBg8,UCcFIBN-rtC3d3hXeuN5TfWw,Quorum,News & Politics,3,1.0,positivo,1.0,positivo
UgxDBhcq11EK83DqrSZ4AaABAg,j43HgwYFKfk,UCV0lM03g5fg5pbPj97-sAtA,Quorum,News & Politics,1,1.0,positivo,1.0,positivo
UgxDFo35bUo0APtZcd94AaABAg,lj983NWyAQY,UC_ljZ1hZXR9pzexFz87P5ZA,Municipalidad de Guatemala,News & Politics,10,0.0,neutral,0.0,neutral
UgxEE17R1iQyuDZebVF4AaABAg,06mFNPU0aB8,UCLXYp1Cvc5DLtq5UQL5D9vw,Noti7,News & Politics,2,0.0,neutral,0.0,neutral
UgxEE17R1iQyuDZebVF4AaABAg.A_UFk_pMAbMA_VZ_0Vdu89,06mFNPU0aB8,UCfjhejO7LZy4doXURa7LZCQ,Noti7,News & Politics,2,0.0,neutral,1.0,positivo
UgxE_8DGgJmaHaV_WLJ4AaABAg,n8iP75gIpmw,UCplrIQtaPj6au60_f2-mOYw,Quorum,News & Politics,1,0.0,neutral,0.0,neutral
UgxEsAK7q3l34wFdZ414AaABAg,6W4u8sGEnGM,UCql1n3Ey6ULMSOACjMe-fxQ,Gobierno de la República de Guatemala,Entertainment,2,0.0,neutral,0.0,neutral
UgxEsAK7q3l34wFdZ414AaABAg.A_zCnf5bSajA_zKDdWQaaO,6W4u8sGEnGM,UCZFQwqh90apuL8eFhvRBkUg,Gobierno de la República de Guatemala,Entertainment,2,-1.0,negativo,-1.0,negativo
UgxEsAK7q3l34wFdZ414AaABAg.A_zCnf5bSajA_zMcZPgoSk,6W4u8sGEnGM,UCoGdCoJg2Lh0OX_jv6cG16g,Gobierno de la República de Guatemala,Entertainment,2,1.0,positivo,1.0,positivo
UgxEsAK7q3l34wFdZ414AaABAg.A_zCnf5bSajA_zX0eQk5DZ,6W4u8sGEnGM,UCyJhqmMbsvjpoarBBStA2kg,Gobierno de la República de Guatemala,Entertainment,2,0.0,neutral,0.0,neutral
UgxEsAK7q3l34wFdZ414AaABAg.A_zCnf5bSajA_zXHoAX3hj,6W4u8sGEnGM,UCyJhqmMbsvjpoarBBStA2kg,Gobierno de la República de Guatemala,Entertainment,2,0.0,neutral,0.0,neutral
UgxEsAK7q3l34wFdZ414AaABAg.A_zCnf5bSajA_zXUuRIq0q,6W4u8sGEnGM,UCyJhqmMbsvjpoarBBStA2kg,Gobierno de la República de Guatemala,Entertainment,2,0.0,neutral,0.0,neutral
UgxEsAK7q3l34wFdZ414AaABAg.A_zCnf5bSajA_znUL05zze,6W4u8sGEnGM,UC63tFvbQ_hJhGDi2nbjssjw,Gobierno de la República de Guatemala,Entertainment,2,0.0,neutral,0.0,neutral
UgxEsAK7q3l34wFdZ414AaABAg.A_zCnf5bSajAa0q77b9a3F,6W4u8sGEnGM,UCtCtts20bW6F9CSohau51Iw,Gobierno de la República de Guatemala,Entertainment,2,0.0,neutral,0.0,neutral
UgxEsAK7q3l34wFdZ414AaABAg.A_zCnf5bSajAa0qEPC8tJc,6W4u8sGEnGM,UCtCtts20bW6F9CSohau51Iw,Gobierno de la República de Guatemala,Entertainment,2,0.0,neutral,1.0,positivo
UgxEsAK7q3l34wFdZ414AaABAg.A_zCnf5bSajAa41uU3Anhg,6W4u8sGEnGM,UCWaRixDdpgllTBf4V0jPnKQ,Gobierno de la República de Guatemala,Entertainment,2,-1.0,negativo,-1.0,negativo
UgxFOJmnMHqi2dpDaZd4AaABAg,n8iP75gIpmw,UCcfdg8crmMJwEuLUsAhV7yg,Quorum,News & Politics,1,0.0,neutral,0.0,neutral
UgxFzCyhju6zPSl4zwZ4AaABAg,j43HgwYFKfk,UC6Uj1FT5JjDSF8vudvDxPAA,Quorum,News & Politics,1,1.0,positivo,1.0,positivo
UgxHqBlwo8Dpvv-2P5d4AaABAg,n8iP75gIpmw,UCj-LL25XJnjxepPKCc3NGog,Quorum,News & Politics,1,1.0,positivo,1.0,positivo
UgxJQfg5iHA6vRWS0El4AaABAg,j43HgwYFKfk,UC1DpqK6vaPEkBOMNvypsKYg,Quorum,News & Politics,1,-1.0,negativo,-1.0,negativo
UgxK5IJwWigmJ56Xp7p4AaABAg,ndAZjHqzzT8,UCpsKOkt5iWTbenzeuq7dsmQ,Quorum,News & Politics,3,0.0,neutral,0.0,neutral
UgxKfM_nJMsGTkKkM8V4AaABAg,n8iP75gIpmw,UCDftMWXQoJ6nONfY7GVOVjg,Quorum,News & Politics,1,0.0,neutral,0.0,neutral
UgxLNf6Xy3xngPFLs594AaABAg,n8iP75gIpmw,UCYwpX26TrCxq8TvbKGRYLXA,Quorum,News & Politics,1,0.0,neutral,0.0,neutral
UgxLSZD8ZrNFmd10RKR4AaABAg,n8iP75gIpmw,UCUIIIPTVDVHAXqhC_5V6lPA,Quorum,News & Politics,1,0.0,neutral,0.0,neutral
UgxNSGVebHMGSFI8zX94AaABAg,6W4u8sGEnGM,UCzZ6dDCEsLMXbc5pCFXIprw,Gobierno de la República de Guatemala,Entertainment,2,0.0,neutral,1.0,positivo
UgxNgFkGSE6nct4PF3V4AaABAg,PjmxCj-a9Hg,UCNIeXbV_mEwpa412h1aqUWw,Gobierno de la República de Guatemala,Entertainment,2,0.0,neutral,0.0,neutral
UgxOO0LIkZP1WvhR1U54AaABAg,ndAZjHqzzT8,UC_6KbBY1bsYXz9fwFS0eQRg,Quorum,News & Politics,3,0.0,neutral,0.0,neutral
UgxPHo503SIH-EmlR-t4AaABAg,6W4u8sGEnGM,UCV3fr-YOixFKCZBbJP1-X4w,Gobierno de la República de Guatemala,Entertainment,2,1.0,positivo,1.25,positivo
UgxPRaGm9MdlK4U6VPt4AaABAg,n8iP75gIpmw,UCDQaQv0hr2SS_PO-CMEwVHg,Quorum,News & Politics,1,1.0,positivo,1.0,positivo
UgxQC-ejR063rkAb1VB4AaABAg,yLZS3JiEBg8,UCefAH1MbvADWUjE9WVcB9EQ,Quorum,News & Politics,3,0.0,neutral,0.0,neutral
UgxR0AXNH_3DGn-T1494AaABAg,n8iP75gIpmw,UC72gBAtyb_VXQlYDcFrh6oQ,Quorum,News & Politics,1,0.0,neutral,0.0,neutral
UgxR1eqvFSEtPNShD8x4AaABAg,6W4u8sGEnGM,UCEHXl4VvvVpq-_4xC5tsbhg,Gobierno de la República de Guatemala,Entertainment,2,0.0,neutral,0.0,neutral
UgxS0pN-vg0fjeNSLeJ4AaABAg,6W4u8sGEnGM,UCeQk-WfEA-cJRq4EKeE7TOw,Gobierno de la República de Guatemala,Entertainment,2,-1.0,negativo,-1.0,negativo
UgxTjz0jSJkZW5dGnSp4AaABAg,n8iP75gIpmw,UCkd9W714-947dEE6ZOEBATA,Quorum,News & Politics,1,0.0,neutral,0.0,neutral
UgxVUS-jkZU2DAjmNjR4AaABAg,n8iP75gIpmw,UCljDbleJul41G1TzOjOZAVA,Quorum,News & Politics,1,-1.0,negativo,-1.0,negativo
UgxW0ZnTohConSPgOpp4AaABAg,j43HgwYFKfk,UCGGHbtfbbe0o68etrOf0qxw,Quorum,News & Politics,1,0.0,neutral,0.0,neutral
UgxWzoHDeFfVC7jrjzF4AaABAg,OkXlHx0hx-8,UCVdjCrh4tQoX3haNAZv-n5A,Noticias Telemundo,News & Politics,6,1.0,positivo,1.0,positivo
UgxWzoHDeFfVC7jrjzF4AaABAg.Aa9DdH5avRRAaB_gLYRAuw,OkXlHx0hx-8,UCi2KiZq63sRq8Mfbcp-MelQ,Noticias Telemundo,News & Politics,6,0.0,neutral,0.0,neutral
UgxXGkvxY-TdtPROWcV4AaABAg,j43HgwYFKfk,UCZeIIQrGAedW8tCbKWmGY-A,Quorum,News & Politics,1,0.0,neutral,0.0,neutral
UgxXy9CurqMBEjFnVwF4AaABAg,ndAZjHqzzT8,UCvcu1kR8xMYy_I1Ty-2mV2Q,Quorum,News & Politics,3,1.0,positivo,1.0,positivo
UgxZFzh6jzOX7Avhk1h4AaABAg,n8iP75gIpmw,UCFUuDARXdmmIrLppEqf-rFg,Quorum,News & Politics,1,0.0,neutral,0.0,neutral
Ugx_gjcVH5SlIKBNTGh4AaABAg,yLZS3JiEBg8,UCCUmP4PlbwgikVFpYwbtRTg,Quorum,News & Politics,3,1.0,positivo,1.0,positivo
Ugxb-sknzjBr3wecCw94AaABAg,06mFNPU0aB8,UCfXykdbSU97rj987LDUGfvg,Noti7,News & Politics,2,0.0,neutral,0.0,neutral
Ugxb1xcC9SSJ_5vSArF4AaABAg,j43HgwYFKfk,UC4Avya4kmR4Q0FrfFdBozSQ,Quorum,News & Politics,1,0.0,neutral,0.0,neutral
Ugxbz7-04jLwadBMK_p4AaABAg,n8iP75gIpmw,UChep9kVb5gQmpodEEl10Xlg,Quorum,News & Politics,1,0.0,neutral,0.0,neutral
UgxcBa2IQb3I0JZcFax4AaABAg,6W4u8sGEnGM,UCtsxPYw8VUsH_FfnKg-0lmw,Gobierno de la República de Guatemala,Entertainment,2,0.0,neutral,0.0,neutral
UgxcGV8-rD83ACvM0954AaABAg,n8iP75gIpmw,UCRlCV9zSn7avAWh-9_XFWqQ,Quorum,News & Politics,1,0.0,neutral,0.0,neutral
UgxctiUZJriWwsE0a6J4AaABAg,n8iP75gIpmw,UCut6b9S98nv84cVX89PmKzA,Quorum,News & Politics,1,1.0,positivo,1.0,positivo
Ugxd8fn-MEnc3SKPtid4AaABAg,6W4u8sGEnGM,UCfo_yUPzy1f1POwwZxhZ06Q,Gobierno de la República de Guatemala,Entertainment,2,0.0,neutral,0.0,neutral
UgxdfjiT5_VBaeADj7h4AaABAg,6W4u8sGEnGM,UCV3fr-YOixFKCZBbJP1-X4w,Gobierno de la República de Guatemala,Entertainment,2,1.0,positivo,1.0,positivo
Ugxe0MXeW4ziwUMTfF54AaABAg,n8iP75gIpmw,UCTylKrsqkrBKIqubMu_5N0Q,Quorum,News & Politics,1,0.0,neutral,0.0,neutral
UgxeJQgzDc124jVv7Fx4AaABAg,j43HgwYFKfk,UC5hvEnRUzI4Kfvwnyi4QxqQ,Quorum,News & Politics,1,0.0,neutral,1.0,positivo
Ugxf6gnAtXKqV1Q_zRd4AaABAg,WIUZtitfLRw,UCVhif9eV0f8plICen2DnpKA,Quorum,News & Politics,3,1.0,positivo,1.0,positivo
UgxfUxJfY_pjvu9318Z4AaABAg,n8iP75gIpmw,UC1vr9aaMI2crB0NvwFHUeoQ,Quorum,News & Politics,1,1.0,positivo,1.0,positivo
UgxfnbtuhVQuDILnXj14AaABAg,n8iP75gIpmw,UCEgEQmRbtL5fwr9_DqAC--g,Quorum,News & Politics,1,0.0,neutral,0.0,neutral
Ugxgxziq7k4s9WwmauB4AaABAg,lj983NWyAQY,UCIUhbSCy3-SGRe5UtqM4fzQ,Municipalidad de Guatemala,News & Politics,10,-1.0,negativo,-1.0,negativo
UgxiEgXuexKPtHEwAQJ4AaABAg,OkXlHx0hx-8,UCozFYHN0e_-vlQbX3wQGOug,Noticias Telemundo,News & Politics,6,0.0,neutral,0.0,neutral
UgxiEgXuexKPtHEwAQJ4AaABAg.Aa9HLCNywwKAa9OgyseDes,OkXlHx0hx-8,UCQMMuADgqWUOcJpLwHOzC-g,Noticias Telemundo,News & Politics,6,0.0,neutral,0.0,neutral
UgxiEgXuexKPtHEwAQJ4AaABAg.Aa9HLCNywwKAa9ZeEQh7n7,OkXlHx0hx-8,UC-QOpE7GOxlXcHZ8b7HbQKA,Noticias Telemundo,News & Politics,6,1.0,positivo,1.0,positivo
Ugxj76_NAyOnh_vsgMV4AaABAg,lj983NWyAQY,UC0RpuMwkDKJYqgKHtsJRuWQ,Municipalidad de Guatemala,News & Politics,10,0.0,neutral,0.0,neutral
UgxkcFai5KbeHyhGbnF4AaABAg,6W4u8sGEnGM,UC-HeUTT6_g-VoiWds2a4H-w,Gobierno de la República de Guatemala,Entertainment,2,1.0,positivo,1.0,positivo
Ugxl5bLZ1llR9fV0V0l4AaABAg,n8iP75gIpmw,UC2Y_EHWQKevubk4vOEBBFxw,Quorum,News & Politics,1,1.0,positivo,1.0,positivo
UgxoLjEjkngSVGZvO1N4AaABAg,j43HgwYFKfk,UCpsKOkt5iWTbenzeuq7dsmQ,Quorum,News & Politics,1,0.0,neutral,1.0,positivo
Ugxoc10_rBva4f6IW2N4AaABAg,n8iP75gIpmw,UCwW2OFy95P7ZBkOPxWkpvYg,Quorum,News & Politics,1,0.0,neutral,0.0,neutral
UgxovP0Yh3_qrKdrKrp4AaABAg,yLZS3JiEBg8,UCwEe1RKlEv1UpNWmWYfSh4w,Quorum,News & Politics,3,-1.0,negativo,-1.0,negativo
UgxpFKbiejsVGSNIcTh4AaABAg,n8iP75gIpmw,UCQtICyzWmhC5woCtbNgaSmg,Quorum,News & Politics,1,0.0,neutral,0.0,neutral
UgxqEChOyWebtVaqy-V4AaABAg,n8iP75gIpmw,UCDlr1VadSucIZgZ171pRBjQ,Quorum,News & Politics,1,0.0,neutral,0.0,neutral
UgxqSfWMWvqMX8tiC5x4AaABAg,n8iP75gIpmw,UCHhHUjaMAZ8SiXdCUCj9DkQ,Quorum,News & Politics,1,0.0,neutral,0.0,neutral
UgxrZBO3MtEqcgXAIEN4AaABAg,lj983NWyAQY,UCxKR3RA8T-kxMgq_2WWhRcQ,Municipalidad de Guatemala,News & Politics,10,1.0,positivo,1.0,positivo
UgxswojCyw1a0RuHVEp4AaABAg,3Nfp9h5avBI,UCJxJC56BSAX-ArD0NAb9qnQ,Noticiero Guatevisión 13 Hrs.,News & Politics,4,-1.0,negativo,-1.0,negativo
UgxuO_1lX_-jTQfAzZx4AaABAg,lj983NWyAQY,UCqilIa8r7iek5sGYg_q6ofA,Municipalidad de Guatemala,News & Politics,10,1.0,positivo,1.5,positivo
UgxudaO35O8XcM9Wu4t4AaABAg,3Nfp9h5avBI,UCyor0Mmm0ivLX2jIdyGp84Q,Noticiero Guatevisión 13 Hrs.,News & Politics,4,0.0,neutral,0.0,neutral
UgxvgdNqovIhqUZDxUx4AaABAg,j43HgwYFKfk,UCpe5jW3MIqkgTJ-PgkzvM6Q,Quorum,News & Politics,1,0.0,neutral,0.0,neutral
UgxvmbFNm6tYRX6yfLN4AaABAg,n8iP75gIpmw,UCz3gu01bmjNv0DpRq-K3XYg,Quorum,News & Politics,1,0.0,neutral,0.0,neutral
Ugxvt0tvqY4UlDS2hoh4AaABAg,j43HgwYFKfk,UCuXmOjxC-htcprLgeVXz6Tg,Quorum,News & Politics,1,-1.0,negativo,0.3333333333333333,positivo
UgxvxNmPMdRuRDptJQN4AaABAg,PjmxCj-a9Hg,UCNIeXbV_mEwpa412h1aqUWw,Gobierno de la República de Guatemala,Entertainment,2,0.0,neutral,0.0,neutral
Ugxw_1trnd8loD3302V4AaABAg,n8iP75gIpmw,UCySYJU5kUh7X8gVt9la2ISA,Quorum,News & Politics,1,0.0,neutral,0.0,neutral
UgxxNu7QTJHuAgFaEYN4AaABAg,n8iP75gIpmw,UCHTGCgY2l-DQJIvlA_cpa_Q,Quorum,News & Politics,1,0.0,neutral,0.0,neutral
UgxxdDS3FUc53KWN3KF4AaABAg,OkXlHx0hx-8,UCPNXmbOBVeC4HS-xemvcPtQ,Noticias Telemundo,News & Politics,6,-1.0,negativo,-1.0,negativo
Ugxy4k7pO6jFtwyDyFp4AaABAg,n8iP75gIpmw,UCtUR3_CAiE7fCoZHM6cMfyQ,Quorum,News & Politics,1,0.0,neutral,0.0,neutral
Ugxz9vnSvQJNt4YNbYV4AaABAg,WIUZtitfLRw,UCGj2v6Gl5bN8NSrzJMXS-CA,Quorum,News & Politics,3,0.0,neutral,0.0,neutral
UgxzETIqBajjXFTGd_R4AaABAg,yLZS3JiEBg8,UCbrtvygfRT6QXqWDNrOf-cA,Quorum,News & Politics,3,0.0,neutral,0.0,neutral
UgxzN9_I9vkDCdX_8dN4AaABAg,n8iP75gIpmw,UCOh6DaZC_x9HASnlRylEMfw,Quorum,News & Politics,1,0.0,neutral,0.0,neutral
Ugy0LbKWrqUFhWPRoKN4AaABAg,n8iP75gIpmw,UCL1MT278vSaQ83ZDkVWn1gw,Quorum,News & Politics,1,-1.0,negativo,-1.0,negativo
Ugy0LbKWrqUFhWPRoKN4AaABAg.A7epXgDRFjZA7f-Z-rKQOV,n8iP75gIpmw,UC8G5cJONY8L9voMyBW8Eoug,Quorum,News & Politics,1,0.0,neutral,0.0,neutral
Ugy0dVAcWghuyCdAVS54AaABAg,n8iP75gIpmw,UC7VUuJr9cGh845CmTvf7TlQ,Quorum,News & Politics,1,0.0,neutral,-0.3333333333333333,negativo
Ugy1neHHTJYO0umhgLt4AaABAg,n8iP75gIpmw,UCFhxtoeARHPnXXPcDrOU3Xg,Quorum,News & Politics,1,0.0,neutral,0.0,neutral
Ugy2FaeBadbmVJj7F714AaABAg,n8iP75gIpmw,UCAlzM_N6xBlMYmM8EBzX86Q,Quorum,News & Politics,1,-1.0,negativo,0.0,neutral
Ugy4JA9MR8l_gkTNgWh4AaABAg,j43HgwYFKfk,UClqA491Xa5fQcXcJJa-vTWw,Quorum,News & Politics,1,-1.0,negativo,-1.0,negativo
Ugy4ex02KEXL5UFGjw14AaABAg,n8iP75gIpmw,UCHTGCgY2l-DQJIvlA_cpa_Q,Quorum,News & Politics,1,0.0,neutral,0.0,neutral
Ugy4utoHlyokVSeSi5h4AaABAg,n8iP75gIpmw,UC3XTwHxygNCgjndsg-UiCQA,Quorum,News & Politics,1,0.0,neutral,0.0,neutral
Ugy4x4u9e1_xRoppaMF4AaABAg,6W4u8sGEnGM,UCvDwJBBY1mHK70aTEYl6rsA,Gobierno de la República de Guatemala,Entertainment,2,0.0,neutral,0.0,neutral
Ugy5j8gzaawBk-mw5et4AaABAg,n8iP75gIpmw,UCkd9W714-947dEE6ZOEBATA,Quorum,News & Politics,1,0.0,neutral,0.0,neutral
Ugy5lmf3RzzeJDUeqQd4AaABAg,ndAZjHqzzT8,UCbrtvygfRT6QXqWDNrOf-cA,Quorum,News & Politics,3,-1.0,negativo,-1.0,negativo
Ugy6Qii72nfxIpYyuCR4AaABAg,6W4u8sGEnGM,UCV3fr-YOixFKCZBbJP1-X4w,Gobierno de la República de Guatemala,Entertainment,2,1.0,positivo,1.0,positivo
Ugy6isIL3n6cvYbJG-94AaABAg,JkpVO1hx2f8,UCWWkebAekppaL5b5CNlppuw,Quorum,News & Politics,5,-1.0,negativo,-1.0,negativo
Ugy6y6DL1AgyNzNpfMZ4AaABAg,n8iP75gIpmw,UCjmPuazZJzscrwvk0QR9RVw,Quorum,News & Politics,1,1.0,positivo,0.3333333333333333,positivo
Ugy7-QbaMzLjAO_vJMB4AaABAg,n8iP75gIpmw,UCipetjeiWj4CZB6EbyYziZg,Quorum,News & Politics,1,0.0,neutral,0.0,neutral
Ugy7Dk5SDB_d3RFlHU94AaABAg,n8iP75gIpmw,UCh5ESQvtzyHDhCA7XyekCFA,Quorum,News & Politics,1,0.0,neutral,0.0,neutral
Ugy7b0JTkHodE4sTU_54AaABAg,WIUZtitfLRw,UCZIQnb1fkwe39Iw2TAu-bGA,Quorum,News & Politics,3,1.0,positivo,1.0,positivo
Ugy8csktFvR0eUZN4cp4AaABAg,n8iP75gIpmw,UCTP3O0rMnc8z8v8jaDQwL0w,Quorum,News & Politics,1,0.0,neutral,0.0,neutral
UgyAcWsNSqIPesdI3nF4AaABAg,n8iP75gIpmw,UCsUCN0Yq_UyTvKjOJLmNrnQ,Quorum,News & Politics,1,1.0,positivo,1.0,positivo
UgyB52GZe4-PXJ2TqYB4AaABAg,j43HgwYFKfk,UC3UVO7pTbeYvZ3ILEyRDskQ,Quorum,News & Politics,1,0.0,neutral,0.0,neutral
UgyBhR2qUXgMe2NJjRN4AaABAg,PjmxCj-a9Hg,UCuP4UK33HKtJE_S39ksmaTw,Gobierno de la República de Guatemala,Entertainment,2,-1.0,negativo,-1.0,negativo
UgyC45vItnUiq1QrUtd4AaABAg,PjmxCj-a9Hg,UClsrFGJKWPxxw7MiaEdKLXw,Gobierno de la República de Guatemala,Entertainment,2,0.0,neutral,0.0,neutral
UgyC45vItnUiq1QrUtd4AaABAg.ALgn-KZ7p47ALgvLAMzZ1A,PjmxCj-a9Hg,UCg3eIfd7BrsLEqS0BLkftHA,Gobierno de la República de Guatemala,Entertainment,2,0.0,neutral,0.0,neutral
UgyC45vItnUiq1QrUtd4AaABAg.ALgn-KZ7p47ALgwtbYMM1u,PjmxCj-a9Hg,UCg3eIfd7BrsLEqS0BLkftHA,Gobierno de la República de Guatemala,Entertainment,2,0.0,neutral,0.0,neutral
UgyC45vItnUiq1QrUtd4AaABAg.ALgn-KZ7p47ALgx6SmnMen,PjmxCj-a9Hg,UCg3eIfd7BrsLEqS0BLkftHA,Gobierno de la República de Guatemala,Entertainment,2,0.0,neutral,0.0,neutral
UgyC9HUMcvW-e_nFJK14AaABAg,06mFNPU0aB8,UCAxvOOHQk7dYPOajzFEVtbA,Noti7,News & Politics,2,0.0,neutral,0.0,neutral
UgyCFEFtEmhDbi91yCF4AaABAg,06mFNPU0aB8,UCq3mDTTRZnUybct5M9OSXbg,Noti7,News & Politics,2,0.0,neutral,0.0,neutral
UgyCoulSuwV8jBnjbtN4AaABAg,n8iP75gIpmw,UCGzXwyCzMzGmjmCbH3Hg01Q,Quorum,News & Politics,1,0.0,neutral,1.0,positivo
UgyD5CIXnbXNiM-a4VF4AaABAg,6W4u8sGEnGM,UC0HvfEWozTHbwl_iEmJNvVA,Gobierno de la República de Guatemala,Entertainment,2,-1.0,negativo,-1.0,negativo
UgyE6hk1g9jR7zB67lV4AaABAg,6W4u8sGEnGM,UC14qlobYKqD-DO0j6b75lcA,Gobierno de la República de Guatemala,Entertainment,2,1.0,positivo,1.0,positivo
UgyEM7_iOGkWV0SbNuB4AaABAg,n8iP75gIpmw,UCiGRBf2RNF0WRKhRVT7zFoA,Quorum,News & Politics,1,0.0,neutral,0.0,neutral
UgyFSrjeDvPsB0fKUdp4AaABAg,6W4u8sGEnGM,UCa36MjQLoPAmgJo-R3G8WQA,Gobierno de la República de Guatemala,Entertainment,2,0.0,neutral,0.0,neutral
UgyHHYcKhbzXr6xEjth4AaABAg,06mFNPU0aB8,UCjZgFEowMBrsjodqfovzdKw,Noti7,News & Politics,2,0.0,neutral,0.0,neutral
UgyHIuxG8A2lYDRB6vh4AaABAg,6W4u8sGEnGM,UC3YpzAr7pcdKC7BVFEpYzog,Gobierno de la República de Guatemala,Entertainment,2,-1.0,negativo,-1.0,negativo
UgyHIuxG8A2lYDRB6vh4AaABAg.A_zEyCTHfWFA_zWovudn2B,6W4u8sGEnGM,UCyJhqmMbsvjpoarBBStA2kg,Gobierno de la República de Guatemala,Entertainment,2,-1.0,negativo,-1.0,negativo
UgyHcSyWHx2SKCg6db14AaABAg,j43HgwYFKfk,UCQqlPPUGqAfWjd-FSh_qn7Q,Quorum,News & Politics,1,0.0,neutral,0.0,neutral
UgyIX1zx3bbc9DsK8VR4AaABAg,n8iP75gIpmw,UC8r11yOugM2NuRfitQOxLLg,Quorum,News & Politics,1,0.0,neutral,-1.0,negativo
UgyIfQ-oDt0uVFZIq9d4AaABAg,PjmxCj-a9Hg,UCusjriFsDHEc2AOjqk-p5ig,Gobierno de la República de Guatemala,Entertainment,2,0.0,neutral,0.0,neutral
UgyIteBIiYe7DjUN3554AaABAg,ndAZjHqzzT8,UCVC2QugcI1G4RvlCiUqd1aQ,Quorum,News & Politics,3,1.0,positivo,1.0,positivo
UgyJ7QRY-X3DsJC-t-p4AaABAg,lj983NWyAQY,UC5fvhAfm89JH8eDFdvc0xYw,Municipalidad de Guatemala,News & Politics,10,0.0,neutral,1.0,positivo
UgyJnStLEHxVNbAfd0p4AaABAg,PjmxCj-a9Hg,UCAV7QIjYhbDJaycQycM_0eQ,Gobierno de la República de Guatemala,Entertainment,2,1.0,positivo,1.0,positivo
UgyMRj1sNq6Xkrqepst4AaABAg,n8iP75gIpmw,UC3E9mAgP7VoAE5mZoAexl5g,Quorum,News & Politics,1,0.0,neutral,0.0,neutral
UgyN-BmjI1Qyr5moi-x4AaABAg,n8iP75gIpmw,UCB5p8a5gklc80jJItP6xTHg,Quorum,News & Politics,1,0.0,neutral,0.0,neutral
UgyNuIQ1W1M3g8ut6314AaABAg,6W4u8sGEnGM,UC1NiEdJ7gk6FlDexIalWnGg,Gobierno de la República de Guatemala,Entertainment,2,0.0,neutral,-1.0,negativo
UgyOyo4VyMiMOhqOkGd4AaABAg,yLZS3JiEBg8,UCdQAuWwyC99MB7Y02Umj26Q,Quorum,News & Politics,3,1.0,positivo,1.0,positivo
UgyPm-2rnRLPav43Bt14AaABAg,TT4qJ5FXHYE,UCtowGNY2lnlg6O2CkwDgkLg,Quorum,News & Politics,7,0.0,neutral,1.0,positivo
UgyQQbXS_Q_JYcSefap4AaABAg,OkXlHx0hx-8,UCp_dAUfv8i3LW3zWc24dLaQ,Noticias Telemundo,News & Politics,6,0.0,neutral,1.0,positivo
UgyQxncw9dtHgZFgp014AaABAg,UhL9y3KUl8E,UC_NRVt2UP88ZNTwzrZ66JSg,Quorum,News & Politics,8,1.0,positivo,1.0,positivo
UgyRmKHMG-ygpot6nY14AaABAg,j43HgwYFKfk,UCylqlpsh8ENNM1LqgQ1KbxA,Quorum,News & Politics,1,-1.0,negativo,-1.0,negativo
UgyS31-ujtXB5VmjBRV4AaABAg,j43HgwYFKfk,UCRvPToDkkumha7WJAfCDk1A,Quorum,News & Politics,1,-1.0,negativo,-1.0,negativo
UgySlQlmZmrLAq5JsLx4AaABAg,PjmxCj-a9Hg,UCPZueDLrCS4BmTBRMA4q0fA,Gobierno de la República de Guatemala,Entertainment,2,0.0,neutral,1.0,positivo
UgySlQlmZmrLAq5JsLx4AaABAg.ALh5XYlqNufALhOuUP3UYB,PjmxCj-a9Hg,UC7IMsCxfZyWN7YQo8-JYa6Q,Gobierno de la República de Guatemala,Entertainment,2,0.0,neutral,0.0,neutral
UgySttznhywvGXZyF-N4AaABAg,lj983NWyAQY,UCHMQ_lDhibZ-XZ_3fo6oxwg,Municipalidad de Guatemala,News & Politics,10,0.0,neutral,0.0,neutral
UgyVLVHQ4zNBKTTDxtp4AaABAg,n8iP75gIpmw,UCpsKOkt5iWTbenzeuq7dsmQ,Quorum,News & Politics,1,0.0,neutral,0.0,neutral
UgyWzgDknElvfn9oFJZ4AaABAg,j43HgwYFKfk,UC7dadZG7kkGYnsNu6td0FbA,Quorum,News & Politics,1,0.0,neutral,0.0,neutral
UgyX06qZFc3cNK6223J4AaABAg,n8iP75gIpmw,UCrJn_rbo_ENAdeqneS-RmRw,Quorum,News & Politics,1,1.0,positivo,1.0,positivo
UgyXTA5oFwzI70TKCUd4AaABAg,is3Mk5oC19g,UCFFrEmn6lPYiWyElpfzTy5Q,TN23 Guatemala,News & Politics,1,0.0,neutral,-1.0,negativo
UgyYPJkzW5rbOUI_vcd4AaABAg,TT4qJ5FXHYE,UCNiMNUJvaRJb0_QLClqwVnA,Quorum,News & Politics,7,1.0,positivo,1.0,positivo
UgyYRHeJlfB9VF69LSp4AaABAg,lj983NWyAQY,UCs_5qeqdku9tGAq22y3OcuQ,Municipalidad de Guatemala,News & Politics,10,1.0,positivo,1.0,positivo
UgyYaWYhDStGYWDGkb94AaABAg,j43HgwYFKfk,UCCBYcToQ2dwkd6TJh0FSyDg,Quorum,News & Politics,1,0.0,neutral,1.0,positivo
UgyYh5BUgByoCy2qNBR4AaABAg,yLZS3JiEBg8,UCxcoDvP-g2_KTZDmVZtvb3w,Quorum,News & Politics,3,0.0,neutral,0.0,neutral
UgyZ2zEvW_CClk8k15F4AaABAg,j43HgwYFKfk,UCW-JC6lebVmf2P1dmY_L94g,Quorum,News & Politics,1,1.0,positivo,1.5,positivo
Ugy_6i8lJAd2eVIRNjx4AaABAg,j43HgwYFKfk,UCgJNFj5dnxXpcMvmuhZDPxA,Quorum,News & Politics,1,1.0,positivo,1.0,positivo
Ugy__nsWCBggw9EzOUd4AaABAg,n8iP75gIpmw,UCFoIAE8k82D6AV-8gjjKaNg,Quorum,News & Politics,1,0.0,neutral,0.0,neutral
Ugy__nsWCBggw9EzOUd4AaABAg.A7lbRpGUZoHA7nJxaD37u-,n8iP75gIpmw,UCFjudnPLoaSL1BaRuLahyHg,Quorum,News & Politics,1,0.0,neutral,0.0,neutral
Ugy_ejYOfCK6ERWL_dt4AaABAg,j43HgwYFKfk,UCe8JZoYkX5oKUZyivHYdXhw,Quorum,News & Politics,1,0.0,neutral,0.0,neutral
Ugy_hCCLd8GwWbnIbsd4AaABAg,ndAZjHqzzT8,UCnU8wO1OurAmGstDw6VGjgQ,Quorum,News & Politics,3,0.5,positivo,0.6666666666666666,positivo
Ugyav8Au2cT8yVfYgp54AaABAg,PjmxCj-a9Hg,UCf5lnNZF7Qrtli9v4N_23WQ,Gobierno de la República de Guatemala,Entertainment,2,0.0,neutral,0.0,neutral
Ugyb2uIeZGcNljNqap94AaABAg,j43HgwYFKfk,UCW80DaMjQlEUibC98Cot-Dg,Quorum,News & Politics,1,0.0,neutral,-0.3333333333333333,negativo
UgycKHbiLBi0WcSs8sh4AaABAg,n8iP75gIpmw,UCL13XhnRzbGokEkCkEOb0-g,Quorum,News & Politics,1,0.0,neutral,0.0,neutral
UgyciTatiqHr2BpFTqJ4AaABAg,j43HgwYFKfk,UCDrmf9y9nLgFY5wnA2hTuGA,Quorum,News & Politics,1,1.0,positivo,1.0,positivo
UgydkbyzemdvsBJrYxt4AaABAg,n8iP75gIpmw,UCTD6q1nyIe3Y7HhqjaMj72w,Quorum,News & Politics,1,0.0,neutral,0.0,neutral
UgyeTw07aydjDqK4crN4AaABAg,lj983NWyAQY,UC0aEyakBPqcBkVJiErfSupQ,Municipalidad de Guatemala,News & Politics,10,0.0,neutral,0.0,neutral
Ugyeb8_nptWKXnFXH8F4AaABAg,n8iP75gIpmw,UChs3tU2BcKOT0CezykvAsGw,Quorum,News & Politics,1,-1.0,negativo,-1.0,negativo
Ugyejets0FNr0Zh-VuZ4AaABAg,n8iP75gIpmw,UC650pRT-OYzny3GwOH8Cgfw,Quorum,News & Politics,1,0.0,neutral,-1.0,negativo
UgyfMf4MkQsDKavjbLV4AaABAg,n8iP75gIpmw,UC9vMq1YF-e7C-VO0SHkbUTA,Quorum,News & Politics,1,0.0,neutral,0.0,neutral
UgyhYgz2ilvm1-T5IW94AaABAg,j43HgwYFKfk,UCWoAVGVqCn4xtINCMOTM4jg,Quorum,News & Politics,1,0.0,neutral,-1.0,negativo
UgyiGiWPuiTR2hkzmVd4AaABAg,n8iP75gIpmw,UCDPWkUX3sNNaCx-m1dV4glA,Quorum,News & Politics,1,-1.0,negativo,-1.0,negativo
UgyiegHTZAVz8J4Ogvt4AaABAg,j43HgwYFKfk,UCsGoJEvb-cFPZ2rWoJcXzEQ,Quorum,News & Politics,1,0.0,neutral,1.0,positivo
UgyihMW-pXKI2cEDqWx4AaABAg,n8iP75gIpmw,UCXXh7yg5KUFIWylTiKVEFKQ,Quorum,News & Politics,1,0.0,neutral,0.0,neutral
UgyisqlInC7oBNbU95Z4AaABAg,n8iP75gIpmw,UC5H8ASmMC9WrURmzeB4ySog,Quorum,News & Politics,1,0.0,neutral,0.0,neutral
Ugyk3PqfIuDEuXyeb494AaABAg,n8iP75gIpmw,UCfM3nrxtTQMY5jFx1v1J4Gg,Quorum,News & Politics,1,0.0,neutral,0.0,neutral
UgykKTDDGdoiNQIuYJd4AaABAg,n8iP75gIpmw,UCp4iw5_5SmV9VGTFSNVGOmQ,Quorum,News & Politics,1,0.0,neutral,0.0,neutral
UgymHCpILRINq5oT_7B4AaABAg,lj983NWyAQY,UCIp19h9igblA2YKfSLPDAug,Municipalidad de Guatemala,News & Politics,10,0.0,neutral,0.0,neutral
UgymHZwhYtsW9EYkxdl4AaABAg,n8iP75gIpmw,UCQtICyzWmhC5woCtbNgaSmg,Quorum,News & Politics,1,0.0,neutral,0.0,neutral
Ugynh0Cq17X889qHS0J4AaABAg,n8iP75gIpmw,UCwha8rxULYMVtNwZWeSkE1A,Quorum,News & Politics,1,-1.0,negativo,-1.0,negativo
UgyoRKhs1yP8oKoD3uh4AaABAg,j43HgwYFKfk,UCylqlpsh8ENNM1LqgQ1KbxA,Quorum,News & Politics,1,0.0,neutral,0.0,neutral
UgyoglGwyV2PhIAvHdt4AaABAg,j43HgwYFKfk,UCHbwIx9pmQuf7i-4_xO2EpA,Quorum,News & Politics,1,1.0,positivo,0.575,positivo
UgyqA5EpXnBPn_uH-KB4AaABAg,j43HgwYFKfk,UCu8_3-Wg-YzNyvHYQDEscfw,Quorum,News & Politics,1,0.0,neutral,1.0,positivo
Ugyr_-OfFbHlc9uWhg94AaABAg,OkXlHx0hx-8,UCIgoiXdIKJyUGmUoH2Lxdzg,Noticias Telemundo,News & Politics,6,0.0,neutral,0.0,neutral
UgysnIFZt6-_f2iGbid4AaABAg,06mFNPU0aB8,UCXN2s7DwTJm33xO-pNkAdaA,Noti7,News & Politics,2,0.0,neutral,0.0,neutral
UgysqnYM0p-_jyWisMJ4AaABAg,lj983NWyAQY,UCgLrWFdYitoP-b7-PxtUr-w,Municipalidad de Guatemala,News & Politics,10,0.0,neutral,0.0,neutral
UgysslM7dkNnQ1JT7Mh4AaABAg,j43HgwYFKfk,UCAKuKvcbfnBD3kF5njNu-IA,Quorum,News & Politics,1,1.0,positivo,1.0,positivo
UgyuZ00FMdgmao7sNMx4AaABAg,n8iP75gIpmw,UCFxE8GbokBrBsPEKM1xrOjQ,Quorum,News & Politics,1,-1.0,negativo,-1.0,negativo
Ugyuk_4Gq9tbJjGZVRl4AaABAg,n8iP75gIpmw,UCh5ESQvtzyHDhCA7XyekCFA,Quorum,News & Politics,1,0.0,neutral,0.0,neutral
UgyvMO5z1LjtvyRIIxd4AaABAg,is3Mk5oC19g,UCk4O-J1BhoqPmig1KLGJePA,TN23 Guatemala,News & Politics,1,0.0,neutral,1.0,positivo
UgyvSxtnuw9xRiNU5tl4AaABAg,j43HgwYFKfk,UCUoYsrx1oZnCZ0usbBJn4fA,Quorum,News & Politics,1,0.0,neutral,1.0,positivo
UgyxvyPVCur3jgc_1mx4AaABAg,b_Hkrkl3adA,UCHu8x4MVkayU6VgwVKd--MQ,PrensaLibreOficial,News & Politics,1,0.0,neutral,0.0,neutral
UgyypM6Ts6Ut_EuFcdN4AaABAg,n8iP75gIpmw,UC-jS_kA9w-OmpupXDx156Rg,Quorum,News & Politics,1,0.0,neutral,0.0,neutral
Ugyyx5lXrgFXsraCIMh4AaABAg,n8iP75gIpmw,UC9vMq1YF-e7C-VO0SHkbUTA,Quorum,News & Politics,1,0.0,neutral,-1.0,negativo
UgyzKNq94Z4Y2GSth514AaABAg,yLZS3JiEBg8,UChT7pzGytNd92Nmvi-zuWog,Quorum,News & Politics,3,0.0,neutral,0.0,neutral
Ugyzgy-Lqlq6CTb4GPB4AaABAg,n8iP75gIpmw,UChZknRmJkeGeQk0-mQuhDOg,Quorum,News & Politics,1,1.0,positivo,1.0,positivo
UgyzzIxBoO0_7kX1EWJ4AaABAg,WIUZtitfLRw,UCOARn3hnfkB7-_Rwa8Hoqcw,Quorum,News & Politics,3,0.0,neutral,0.0,neutral
Ugz-XNtfLx0lzcoHUXN4AaABAg,b_Hkrkl3adA,UC9Wp6vL5oCU37qC3Aj94WZA,PrensaLibreOficial,News & Politics,1,1.0,positivo,1.0,positivo
Ugz158DoUO_zyZlglG14AaABAg,06mFNPU0aB8,UCIXLDYqR_syskKRJy_x9W9Q,Noti7,News & Politics,2,0.0,neutral,0.0,neutral
Ugz1TFgP101cP3SQAW94AaABAg,n8iP75gIpmw,UCYN4wSQ1Sx4_LurxLlW7MPg,Quorum,News & Politics,1,1.0,positivo,0.5,positivo
Ugz1VUKAy1iuwk_x2jN4AaABAg,yLZS3JiEBg8,UCTTILH6QCIxbTnEWxwRqs1g,Quorum,News & Politics,3,0.0,neutral,0.0,neutral
Ugz1kbHjtN-jQUk3sWd4AaABAg,n8iP75gIpmw,UC5bG9nc_JV3FsNP2KseQiYw,Quorum,News & Politics,1,0.0,neutral,-1.0,negativo
Ugz200h27x5RIAnswQd4AaABAg,n8iP75gIpmw,UCKDR0f2fu2UzWL8mBv5-BHw,Quorum,News & Politics,1,-1.0,negativo,-1.0,negativo
Ugz26waEPWK6VtsenFZ4AaABAg,PjmxCj-a9Hg,UCNIeXbV_mEwpa412h1aqUWw,Gobierno de la República de Guatemala,Entertainment,2,0.0,neutral,0.0,neutral
Ugz26waEPWK6VtsenFZ4AaABAg.ALglV0O_2mtALgq1_mUSB_,PjmxCj-a9Hg,UCbYoNG5J3Au5BqtbXogfEFw,Gobierno de la República de Guatemala,Entertainment,2,0.0,neutral,1.0,positivo
Ugz2Y0LOPaJfoV8R01d4AaABAg,n8iP75gIpmw,UCl0ekS9Tt0jJGtOEM18S63w,Quorum,News & Politics,1,0.0,neutral,0.0,neutral
Ugz5OziU6YjREVjZJUZ4AaABAg,PjmxCj-a9Hg,UCVQf0tzL7xRzFJsABVVULpg,Gobierno de la República de Guatemala,Entertainment,2,1.0,positivo,1.0,positivo
Ugz6naDsqtHsbONkRBl4AaABAg,b_Hkrkl3adA,UCsUCN0Yq_UyTvKjOJLmNrnQ,PrensaLibreOficial,News & Politics,1,0.0,neutral,0.0,neutral
Ugz76M4X7jXyiAqAC_d4AaABAg,n8iP75gIpmw,UCsSXdJct-nsS8DsABoEsaYA,Quorum,News & Politics,1,0.0,neutral,0.0,neutral
Ugz76M4X7jXyiAqAC_d4AaABAg.A7j4tx1RMDbA7oQQlZnZR4,n8iP75gIpmw,UC9xr9QvIcDvoZNUX5f-jaZw,Quorum,News & Politics,1,0.0,neutral,0.0,neutral
Ugz7WPxTOQEwmZpnx_V4AaABAg,n8iP75gIpmw,UCi1b_TRQfgO1Z9O2gNGGWNA,Quorum,News & Politics,1,-1.0,negativo,0.3333333333333333,positivo
Ugz8BbgcucTeHAjfvqJ4AaABAg,n8iP75gIpmw,UCpl8rF8uv_8uui-QRvuJaRA,Quorum,News & Politics,1,0.0,neutral,0.0,neutral
Ugz8fJcHTKHoEWJPwWt4AaABAg,j43HgwYFKfk,UClhMWQ7XKWywYvbRnuf8QsA,Quorum,News & Politics,1,0.0,neutral,0.0,neutral
Ugz8hBV9j2KQGtMhPUR4AaABAg,is3Mk5oC19g,UC4kg7zuTfqQKLd2bkZrSYBA,TN23 Guatemala,News & Politics,1,0.0,neutral,0.0,neutral
Ugz8pKFUmjVv-zF8lvJ4AaABAg,n8iP75gIpmw,UCOLGv5Pf6BF2wFcwUzgcvHg,Quorum,News & Politics,1,0.0,neutral,0.0,neutral
UgzBnKyfiTTp9djPTh54AaABAg,OkXlHx0hx-8,UCbNanjFI51cwGqMAb2rOrBw,Noticias Telemundo,News & Politics,6,1.0,positivo,1.0,positivo
UgzBpiHQkRpqfeyCDwd4AaABAg,n8iP75gIpmw,UC2weSE8rpqkGMOp6StYtVfg,Quorum,News & Politics,1,0.0,neutral,0.0,neutral
UgzDFSLs4n_6XtQjgjZ4AaABAg,lj983NWyAQY,UCyzf29IYjNw67gGIfsjgtxA,Municipalidad de Guatemala,News & Politics,10,0.0,neutral,1.0,positivo
UgzDK8qo7Il1yafNllJ4AaABAg,PjmxCj-a9Hg,UCzZ6dDCEsLMXbc5pCFXIprw,Gobierno de la República de Guatemala,Entertainment,2,0.0,neutral,0.0,neutral
UgzESrzC3abcN60poBF4AaABAg,lj983NWyAQY,UCaT6M2zp7X6r6Whd8Vv3kHQ,Municipalidad de Guatemala,News & Politics,10,0.0,neutral,0.0,neutral
UgzFOdujc0-cy9W1Uv14AaABAg,n8iP75gIpmw,UC3NMzdMYryaw82kPTnsaljg,Quorum,News & Politics,1,0.0,neutral,-1.0,negativo
UgzGYzecKVZyDzajKPV4AaABAg,n8iP75gIpmw,UCLggDc_a5HriXv7I1h02sOA,Quorum,News & Politics,1,0.0,neutral,0.0,neutral
UgzH_SOr2gGO_dDna5J4AaABAg,n8iP75gIpmw,UCSou6a2OuYGSvPjm5psquyA,Quorum,News & Politics,1,0.0,neutral,0.0,neutral
UgzJ85lM1ogkB4KOk2d4AaABAg,PjmxCj-a9Hg,UCtNyHmRZtvGF2hSvI2dUBWw,Gobierno de la República de Guatemala,Entertainment,2,0.0,neutral,0.0,neutral
UgzKcy6Zr6Ele2EAo6J4AaABAg,lj983NWyAQY,UCGqKxQS-z3NZzZF-2w338AA,Municipalidad de Guatemala,News & Politics,10,0.0,neutral,0.0,neutral
UgzL_lyzP1gwPdnVQ3Z4AaABAg,yLZS3JiEBg8,UCXO1BBohNWXkK9SBDAG2ySg,Quorum,News & Politics,3,1.0,positivo,1.0,positivo
UgzMXsCXt9Lh-tk3fZd4AaABAg,6W4u8sGEnGM,UChyps3dqY-VY1_wLeq-2lhw,Gobierno de la República de Guatemala,Entertainment,2,1.0,positivo,1.5,positivo
UgzMXsCXt9Lh-tk3fZd4AaABAg.A_zGMKwFBhPA_zWhjiGKb7,6W4u8sGEnGM,UCyJhqmMbsvjpoarBBStA2kg,Gobierno de la República de Guatemala,Entertainment,2,0.0,neutral,0.0,neutral
UgzM_dw7xZDkJJ8eYQ94AaABAg,n8iP75gIpmw,UCXgr7vXlRrsaskPdo097kGA,Quorum,News & Politics,1,0.0,neutral,0.0,neutral
UgzMppllQcjsXkBLgiZ4AaABAg,n8iP75gIpmw,UCylqlpsh8ENNM1LqgQ1KbxA,Quorum,News & Politics,1,0.0,neutral,0.0,neutral
UgzOB-KAGGElQGAPxEZ4AaABAg,n8iP75gIpmw,UC4cXueR2bKGFJV0Fk76gwmA,Quorum,News & Politics,1,0.0,neutral,-1.0,negativo
UgzOGr7KGQ9pa-CJdgN4AaABAg,n8iP75gIpmw,UCNBnKqWf4d-rS4HwJRQljmQ,Quorum,News & Politics,1,0.0,neutral,0.0,neutral
UgzOYjc2Ii04ZArW7vF4AaABAg,n8iP75gIpmw,UCmvOgzmmXbjUthHy-WJ52hQ,Quorum,News & Politics,1,0.0,neutral,0.0,neutral
UgzOeIbOqa0dhaWyj_B4AaABAg,s0eco-BofOs,UC6xI_MOaxajIWpoP8BH6E_Q,Quorum,News & Politics,11,0.0,neutral,0.0,neutral
UgzPExq20lnf7-8d7_p4AaABAg,lj983NWyAQY,UCtMBF_1O2jY2INlb_luuB_A,Municipalidad de Guatemala,News & Politics,10,1.0,positivo,1.0,positivo
UgzQTWwjC_XVPUNxuXp4AaABAg,OkXlHx0hx-8,UCrqXyRsg-_hTosURZ-uvoKg,Noticias Telemundo,News & Politics,6,0.0,neutral,0.0,neutral
UgzRlz8OqalaHh8EnUl4AaABAg,OkXlHx0hx-8,UCGZMgmM92E3njyXNe9-kjAQ,Noticias Telemundo,News & Politics,6,0.0,neutral,0.0,neutral
UgzRlz8OqalaHh8EnUl4AaABAg.Aa9hqaKl_ywAaB_OUjpKKh,OkXlHx0hx-8,UCi2KiZq63sRq8Mfbcp-MelQ,Noticias Telemundo,News & Politics,6,0.0,neutral,0.0,neutral
UgzRyWsi9Ed1wsXKgwd4AaABAg,yLZS3JiEBg8,UCOY3XpD9qMCRSA8AA8c4CAw,Quorum,News & Politics,3,1.0,positivo,1.5,positivo
UgzSjpcAY2zvJ6i-poh4AaABAg,is3Mk5oC19g,UCfRqgt2O-vjzUDMZY_tnxQw,TN23 Guatemala,News & Politics,1,0.0,neutral,0.0,neutral
UgzSu6dFpC7PrEYl7AF4AaABAg,n8iP75gIpmw,UC9vMq1YF-e7C-VO0SHkbUTA,Quorum,News & Politics,1,0.0,neutral,0.0,neutral
UgzT_1dx4pvgJTFMsnZ4AaABAg,6W4u8sGEnGM,UCp29O_C7cchZV8IxV7Crdag,Gobierno de la República de Guatemala,Entertainment,2,0.0,neutral,0.0,neutral
UgzTqBd3og9IPuVu3o94AaABAg,n8iP75gIpmw,UCrJn_rbo_ENAdeqneS-RmRw,Quorum,News & Politics,1,-1.0,negativo,-1.0,negativo
UgzU2eLo006-Cz6rYLZ4AaABAg,ndAZjHqzzT8,UCjJf-AJKRFFWtiN-CSwkDmA,Quorum,News & Politics,3,0.0,neutral,0.0,neutral
UgzVRaRar_M-cPPi92x4AaABAg,is3Mk5oC19g,UCBtB5dIyx-C16UN8ClUD2UA,TN23 Guatemala,News & Politics,1,0.0,neutral,0.0,neutral
UgzVSZ19e2Cc28bFi-94AaABAg,n8iP75gIpmw,UCDUffaruH6dyUnUGwsTKpgg,Quorum,News & Politics,1,0.0,neutral,0.0,neutral
UgzVsPOuFAogocL8wKB4AaABAg,6W4u8sGEnGM,UCgGqw4aqMdMVSGkKiMgrJRQ,Gobierno de la República de Guatemala,Entertainment,2,0.0,neutral,1.0,positivo
UgzWNBqTQMz8ba4pbUd4AaABAg,j43HgwYFKfk,UC32oozucwCF3q8d4m8fyOUg,Quorum,News & Politics,1,0.0,neutral,0.0,neutral
UgzWNJK42U_F1IKlwwh4AaABAg,n8iP75gIpmw,UCvApqeCbLod-wejtT4CcVuA,Quorum,News & Politics,1,1.0,positivo,1.0,positivo
UgzWs20muY6Ghm9Z7094AaABAg,JkpVO1hx2f8,UCHGd14aYuZZShLD73dkk6mg,Quorum,News & Politics,5,0.0,neutral,0.0,neutral
UgzXDN6uNEworKy3uqZ4AaABAg,n8iP75gIpmw,UCiMythXHsw7eQEMykCdmMUA,Quorum,News & Politics,1,0.0,neutral,0.0,neutral
UgzYz6n8mPI0dBWsP2h4AaABAg,j43HgwYFKfk,UC-fiZBS5Gp1eCJd9ucgWnCg,Quorum,News & Politics,1,0.0,neutral,0.0,neutral
UgzZMPOIKJlwEpgh7zd4AaABAg,b_Hkrkl3adA,UC5PrBbmUlQolwqmiru7yZhw,PrensaLibreOficial,News & Politics,1,0.0,neutral,1.0,positivo
UgzZMPOIKJlwEpgh7zd4AaABAg.AaB6SZj2UadAaBRkGrUAJI,b_Hkrkl3adA,UC094EFEmMSdwVa8NQjjYBXg,PrensaLibreOficial,News & Politics,1,0.0,neutral,0.0,neutral
UgzZMPOIKJlwEpgh7zd4AaABAg.AaB6SZj2UadAaCH5adXxCo,b_Hkrkl3adA,UCGm3gRBEHGRJYmtCryZLtDw,PrensaLibreOficial,News & Politics,1,0.0,neutral,0.0,neutral
UgzZc-W-gVj1t4SXc-54AaABAg,lj983NWyAQY,UCwUAv3_LpWVtTIi7lkmTL7A,Municipalidad de Guatemala,News & Politics,10,1.0,positivo,1.25,positivo
UgzaTUgOy4ekC0xQoFt4AaABAg,n8iP75gIpmw,UC5H8ASmMC9WrURmzeB4ySog,Quorum,News & Politics,1,0.0,neutral,0.0,neutral
UgzaWev1Ju6338Y7Ehl4AaABAg,ndAZjHqzzT8,UC5wuDq3U3vRAhOQI3D7gNdw,Quorum,News & Politics,3,1.0,positivo,1.0,positivo
UgzaWev1Ju6338Y7Ehl4AaABAg.A3Wof66r37mA3WrEtkJyep,ndAZjHqzzT8,UCvcu1kR8xMYy_I1Ty-2mV2Q,Quorum,News & Politics,3,0.0,neutral,0.0,neutral
Ugzb66mq9Rv0T7aalfJ4AaABAg,n8iP75gIpmw,UCXXh7yg5KUFIWylTiKVEFKQ,Quorum,News & Politics,1,1.0,positivo,1.5,positivo
UgzcJTEHjaN8bEV8Hfd4AaABAg,n8iP75gIpmw,UC3XTwHxygNCgjndsg-UiCQA,Quorum,News & Politics,1,-1.0,negativo,-1.0,negativo
UgzcVyiuFGJ0Yv0C4Zt4AaABAg,n8iP75gIpmw,UCsJJAvrVGupdmhOqgtDp8dg,Quorum,News & Politics,1,1.0,positivo,1.0,positivo
Ugzd2CVlJWOmHWBPSkN4AaABAg,n8iP75gIpmw,UCQ_-LPP8JAbfkc-b1Q6NvWw,Quorum,News & Politics,1,1.0,positivo,1.0,positivo
UgzeCbhVJhOJATewi5J4AaABAg,n8iP75gIpmw,UCtNfIBnc5S5DbbQj_yxgJTw,Quorum,News & Politics,1,0.0,neutral,0.0,neutral
UgzfLTatI6lJD6Z_u_94AaABAg,6W4u8sGEnGM,UC-Iul5tDYH_oiAMXQH-KaaQ,Gobierno de la República de Guatemala,Entertainment,2,0.0,neutral,1.0,positivo
UgzfXuFsM8L3Qt6qWJV4AaABAg,WIUZtitfLRw,UCyW68EGZey4ao_Vf2cR5Ztg,Quorum,News & Politics,3,-1.0,negativo,-1.0,negativo
Ugzfc9D5wlSKYgY5Jrh4AaABAg,OkXlHx0hx-8,UCZjm6U576nX8WOiLhmMR3bw,Noticias Telemundo,News & Politics,6,0.0,neutral,-1.0,negativo
Ugzfc9D5wlSKYgY5Jrh4AaABAg.Aa9bbFyRF_AAaB_C3DtL_L,OkXlHx0hx-8,UCi2KiZq63sRq8Mfbcp-MelQ,Noticias Telemundo,News & Politics,6,0.0,neutral,0.0,neutral
Ugzhc5zg6rDOR3ltTAZ4AaABAg,j43HgwYFKfk,UC_LYoGs5C3mbZKZuKuqYCvw,Quorum,News & Politics,1,1.0,positivo,1.0,positivo
UgzhjFXjeUslGQMZ7KB4AaABAg,6W4u8sGEnGM,UCRfkkatKrNtAARnXMMYBGlA,Gobierno de la República de Guatemala,Entertainment,2,-1.0,negativo,-1.0,negativo
UgzhtSisQXcyX7bqkzB4AaABAg,n8iP75gIpmw,UCA93ym2TXs_Ibyxb4Vcn-6Q,Quorum,News & Politics,1,0.0,neutral,0.0,neutral
Ugzi82q6lRyjtKUL5lV4AaABAg,n8iP75gIpmw,UCAmtbUiIrUIhikru0ZoTFig,Quorum,News & Politics,1,0.0,neutral,0.0,neutral
Ugzin8yr1Zz1k47GsSp4AaABAg,n8iP75gIpmw,UCr1emrogPKkKTs_WTtx71xg,Quorum,News & Politics,1,0.0,neutral,0.0,neutral
UgzjFGboqNxQ7BcH0bZ4AaABAg,lj983NWyAQY,UCRznz9-N3Qc1w-qNdLSIY2Q,Municipalidad de Guatemala,News & Politics,10,0.0,neutral,0.0,neutral
UgzjqVqTKYeOrM1kW0F4AaABAg,lj983NWyAQY,UCY7Hq7F9Lnucf-Yr6JkHZNw,Municipalidad de Guatemala,News & Politics,10,0.0,neutral,0.0,neutral
Ugzk5XnOVKoVj8FiOCB4AaABAg,OkXlHx0hx-8,UC-QOpE7GOxlXcHZ8b7HbQKA,Noticias Telemundo,News & Politics,6,-1.0,negativo,0.0,neutral
UgzlqevYeQWpdUl_KON4AaABAg,n8iP75gIpmw,UCjSKM9j0Q7HLDr1hD6D-TUw,Quorum,News & Politics,1,1.0,positivo,1.0,positivo
Ugzm7wFhhdctNQt_ubl4AaABAg,06mFNPU0aB8,UCwCfs-2zbD5k0lG-UVg_JBw,Noti7,News & Politics,2,1.0,positivo,1.0,positivo
UgzmBKXDgncBFsDjRwd4AaABAg,n8iP75gIpmw,UC72gBAtyb_VXQlYDcFrh6oQ,Quorum,News & Politics,1,0.0,neutral,0.0,neutral
UgzmBVMoFVO53-_ZZ-54AaABAg,PjmxCj-a9Hg,UC8xlJWNHz1V_W6q3fbuQH8g,Gobierno de la República de Guatemala,Entertainment,2,1.0,positivo,1.0,positivo
UgzpHaLJJjoD9FnKO6p4AaABAg,6W4u8sGEnGM,UCyJhqmMbsvjpoarBBStA2kg,Gobierno de la República de Guatemala,Entertainment,2,0.0,neutral,0.0,neutral
UgzpdnDQDBV6UZ96GZh4AaABAg,PjmxCj-a9Hg,UCgQJgI9vu1FI2dnC9mrFthw,Gobierno de la República de Guatemala,Entertainment,2,0.0,neutral,0.0,neutral
UgzpzyaFY6F6IdFxzk14AaABAg,n8iP75gIpmw,UCLFdHr9BEbXHkoJopbEPLZw,Quorum,News & Politics,1,0.0,neutral,0.0,neutral
UgzrrbkpudLqNqr7s6R4AaABAg,n8iP75gIpmw,UCRETAiYdh2dL5ZxB0_N1zDA,Quorum,News & Politics,1,1.0,positivo,1.0,positivo
Ugzs8eXa8mdQ8wlS4FZ4AaABAg,lj983NWyAQY,UCi-vPdnpQreC7BkFs40mJGA,Municipalidad de Guatemala,News & Politics,10,0.0,neutral,0.0,neutral
UgztKpwRx20oET8wGLJ4AaABAg,PjmxCj-a9Hg,UCHTGCgY2l-DQJIvlA_cpa_Q,Gobierno de la República de Guatemala,Entertainment,2,0.0,neutral,0.0,neutral
UgzuugQO6qMSbkVsdGp4AaABAg,PjmxCj-a9Hg,UCtNyHmRZtvGF2hSvI2dUBWw,Gobierno de la República de Guatemala,Entertainment,2,0.0,neutral,0.0,neutral
UgzvKLXKEkVzjn_XRHp4AaABAg,n8iP75gIpmw,UCsjs5Hp_r86x1xbK6FAeqaA,Quorum,News & Politics,1,0.0,neutral,0.0,neutral
UgzwvEpQc3M_AWvNDad4AaABAg,lj983NWyAQY,UCRcSR3Lvn9DZAmJpVPANfZQ,Municipalidad de Guatemala,News & Politics,10,0.0,neutral,0.0,neutral
Ugzx7TTfRu5S-pT0LuZ4AaABAg,n8iP75gIpmw,UCz3gu01bmjNv0DpRq-K3XYg,Quorum,News & Politics,1,0.0,neutral,0.0,neutral
UgzxhrnRAMNePfy6u7J4AaABAg,PjmxCj-a9Hg,UCGX_UbAQOXGZknv5iqklwTA,Gobierno de la República de Guatemala,Entertainment,2,0.0,neutral,0.0,neutral
UgzzpE27HS1dmWfyATJ4AaABAg,n8iP75gIpmw,UC-hfX8J5JPJ-dfuakzegMLA,Quorum,News & Politics,1,1.0,positivo,1.0,positivo
