id,grado,grado_ponderado,grado_centralidad,intermediacion,cercania,pagerank,vector_propio,author_channel_id,nombre,comentarios,videos_distintos,canales_distintos,comunidades_distintas,proy_grado,proy_grado_ponderado,proy_grado_centralidad,proy_intermediacion,proy_cercania,proy_pagerank,proy_vector_propio
autor::UCdFlugHJJa4l3YqWuNRmvXw,2,2,0.10526315789473684,0.03186246418338109,0.17607847387817038,0.0026983617584240773,0.0006575409974509424,UCdFlugHJJa4l3YqWuNRmvXw,@MarcosCarillo-b1r,2,2,2,1,54,54,0.16314199395770393,0.029552320790991488,0.3586724022632525,0.00441635368868181,0.002219488049971519
autor::UCvl1tzQeBeGy6efPTRJXSCw,1,1,0.05263157894736842,0.0,0.10232426303854876,0.0014900677837631298,1.1376327292194734e-08,UCvl1tzQeBeGy6efPTRJXSCw,@RaulPerez-cw2vi,1,1,1,1,12,12,0.03625377643504532,0.0,0.20846197102344144,0.002548612704496669,7.163946388514802e-08
autor::UCRAquv8el-tQ30bN7MlmySQ,1,1,0.05263157894736842,0.0,0.17422779922779924,0.0015012876402744307,0.0006549010269817344,UCRAquv8el-tQ30bN7MlmySQ,@iamjimalesssa,1,1,1,1,48,48,0.14501510574018128,0.0,0.3553255369233154,0.002898162641229915,0.0022186357747533006
autor::UCkbsS_3D-pvg1iHOld9uvIg,1,1,0.05263157894736842,0.0,0.17422779922779924,0.0015012876402744307,0.0006549010269817344,UCkbsS_3D-pvg1iHOld9uvIg,@gonzalo6075,1,1,1,1,48,48,0.14501510574018128,0.0,0.3553255369233154,0.002898162641229915,0.002218635774753286
autor::UCOLHH4ZpMxPYF-Q6e6wvn5A,1,1,0.05263157894736842,0.0,0.026448979591836733,0.0012806576023992745,,UCOLHH4ZpMxPYF-Q6e6wvn5A,@luisroldan7374,1,1,1,1,17,17,0.0513595166163142,0.0,0.0513595166163142,0.00304321363359708,
autor::UCi2KiZq63sRq8Mfbcp-MelQ,1,6,0.05263157894736842,0.0,0.026448979591836733,0.0055471934776435096,,UCi2KiZq63sRq8Mfbcp-MelQ,@eugeneramirez4405,6,1,1,1,17,17,0.0513595166163142,0.0,0.0513595166163142,0.00304321363359708,
autor::UCXl30Y_upRqbti52fmjK4YA,1,1,0.05263157894736842,0.0,0.12357371063441351,0.0015133016567510666,2.364779232623833e-06,UCXl30Y_upRqbti52fmjK4YA,@capitanfrans,1,1,1,1,15,15,0.045317220543806644,0.0,0.2510706815842767,0.0030386509494715547,1.338307535553248e-05
autor::UCRelkU8JiZBytTzebJxaa-w,1,1,0.05263157894736842,0.0,0.22186561048893746,0.0013102170967186151,0.04426701626519937,UCRelkU8JiZBytTzebJxaa-w,@danyraymundo2942,1,1,1,1,127,127,0.38368580060422963,0.0,0.45422330067930783,0.003268711512314818,0.08835177314221061
autor::UCgLurCo-e019HGODcjXHWCw,1,1,0.05263157894736842,0.0,0.03644314868804665,0.0015921333404745244,,UCgLurCo-e019HGODcjXHWCw,@perritojuega1,1,1,1,1,24,24,0.07250755287009064,0.0,0.07250755287009064,0.00304321363359708,
autor::UCDIMztpVm7G27qBuiWuT6oQ,1,1,0.05263157894736842,0.0,0.22186561048893746,0.0013102170967186151,0.04426701626519937,UCDIMztpVm7G27qBuiWuT6oQ,@lizardomorataya8274,1,1,1,1,127,127,0.38368580060422963,0.0,0.45422330067930783,0.003268711512314818,0.08835177314221064
autor::UCZOmq6MwFDVoCaEl99BRRaw,1,1,0.05263157894736842,0.0,0.16792433326442008,0.001367816507721139,0.00018794410011703963,UCZOmq6MwFDVoCaEl99BRRaw,@daniloarevalo3170,1,1,1,1,9,9,0.027190332326283987,0.0,0.34151617375439736,0.0019228331088015492,0.000755535841317151
autor::UCFybmWapGvBKcQod7cPPH9w,1,1,0.05263157894736842,0.0,0.1326122448979592,0.0012314659094801788,2.7197538771321635e-06,UCFybmWapGvBKcQod7cPPH9w,@vitalianochavez8382,1,1,1,1,31,31,0.09365558912386707,0.0,0.2703838109369134,0.0031737991501789077,8.306085209580399e-06
autor::UCh5ESQvtzyHDhCA7XyekCFA,1,3,0.05263157894736842,0.0,0.22186561048893746,0.0030759504354549902,0.13280104879559812,UCh5ESQvtzyHDhCA7XyekCFA,@andyB5280,3,1,1,1,127,127,0.38368580060422963,0.0,0.45422330067930783,0.003268711512314818,0.08835177314221059
autor::UCWIZUtKJ636y-4TYrNvok0g,1,1,0.05263157894736842,0.0,0.22186561048893746,0.0013102170967186151,0.04426701626519937,UCWIZUtKJ636y-4TYrNvok0g,@cesarandreas7824,1,1,1,1,127,127,0.38368580060422963,0.0,0.45422330067930783,0.003268711512314818,0.08835177314221061
autor::UCzoL2l5H5eVlorWGH8AZfAg,1,1,0.05263157894736842,0.0,0.22186561048893746,0.0013102170967186151,0.04426701626519937,UCzoL2l5H5eVlorWGH8AZfAg,@jor77cas,1,1,1,1,127,127,0.38368580060422963,0.0,0.45422330067930783,0.003268711512314818,0.08835177314221063
autor::UCKVzDUqbtdSMBcexaEtMmzQ,1,1,0.05263157894736842,0.0,0.0065306122448979586,0.0018670735454650957,,UCKVzDUqbtdSMBcexaEtMmzQ,@rotorairgroup8409,1,1,1,1,3,3,0.00906344410876133,0.0,0.00906344410876133,0.0030432136335970775,
autor::UCNpt5CQlTzNjlAKY6CJtClQ,1,1,0.05263157894736842,0.0,0.17422779922779924,0.0015012876402744307,0.0006549010269817344,UCNpt5CQlTzNjlAKY6CJtClQ,@eustaquiogomez9975,1,1,1,1,48,48,0.14501510574018128,0.0,0.3553255369233154,0.002898162641229915,0.0022186357747532876
autor::UCut6b9S98nv84cVX89PmKzA,1,2,0.05263157894736842,0.0,0.22186561048893746,0.0021930837660868027,0.08853403253039874,UCut6b9S98nv84cVX89PmKzA,@yeniferaguirre4498,2,1,1,1,127,127,0.38368580060422963,0.0,0.45422330067930783,0.003268711512314818,0.08835177314221063
autor::UCQyOePccUP-fIJYzchAgZYw,1,1,0.05263157894736842,0.0,0.17422779922779924,0.0015012876402744307,0.0006549010269817344,UCQyOePccUP-fIJYzchAgZYw,@aguilar4254,1,1,1,1,48,48,0.14501510574018128,0.0,0.3553255369233154,0.002898162641229915,0.002218635774753294
autor::UCOLGv5Pf6BF2wFcwUzgcvHg,1,2,0.05263157894736842,0.0,0.22186561048893746,0.0021930837660868027,0.08853403253039874,UCOLGv5Pf6BF2wFcwUzgcvHg,@welfrealdana5559,2,1,1,1,127,127,0.38368580060422963,0.0,0.45422330067930783,0.003268711512314818,0.08835177314221059
autor::UCAxvOOHQk7dYPOajzFEVtbA,1,2,0.05263157894736842,0.0,0.10232426303854876,0.002552785140175832,2.275265458438947e-08,UCAxvOOHQk7dYPOajzFEVtbA,@ruddydepaz322,2,1,1,1,12,12,0.03625377643504532,0.0,0.20846197102344144,0.002548612704496669,7.163946388053795e-08
autor::UCQ_-LPP8JAbfkc-b1Q6NvWw,1,2,0.05263157894736842,0.0,0.22186561048893746,0.0021930837660868027,0.08853403253039874,UCQ_-LPP8JAbfkc-b1Q6NvWw,@MegaKristenstewart,2,1,1,1,127,127,0.38368580060422963,0.0,0.45422330067930783,0.003268711512314818,0.08835177314221061
autor::UCXmrpc6Li0spcKxtS0Q_ptg,1,1,0.05263157894736842,0.0,0.03644314868804665,0.0015921333404745244,,UCXmrpc6Li0spcKxtS0Q_ptg,@melvinperez6710,1,1,1,1,24,24,0.07250755287009064,0.0,0.07250755287009064,0.00304321363359708,
autor::UCZ51R_9Q9C0c8I3pAWhtmjQ,1,1,0.05263157894736842,0.0,0.22186561048893746,0.0013102170967186151,0.04426701626519937,UCZ51R_9Q9C0c8I3pAWhtmjQ,@belvettzapeta1251,1,1,1,1,127,127,0.38368580060422963,0.0,0.45422330067930783,0.003268711512314818,0.08835177314221063
autor::UCPLW0HE3siElqCgXfgWxMqg,1,1,0.05263157894736842,0.0,0.002857142857142857,0.002849002849002849,,UCPLW0HE3siElqCgXfgWxMqg,@elizabethmonterroso7719,1,1,1,1,0,0,0.0,0.0,0.0,0.00045648204503956184,
autor::UCxhtlxPV8AYWaNNyU6S9H8Q,1,1,0.05263157894736842,0.0,0.026448979591836733,0.0012806576023992745,,UCxhtlxPV8AYWaNNyU6S9H8Q,@WilR-s8r,1,1,1,1,17,17,0.0513595166163142,0.0,0.0513595166163142,0.00304321363359708,
autor::UCvcu1kR8xMYy_I1Ty-2mV2Q,3,4,0.15789473684210525,0.059705280392959484,0.17318763326226014,0.004536042417337278,0.0003797716325994356,UCvcu1kR8xMYy_I1Ty-2mV2Q,@hashojea7348,4,3,1,1,28,29,0.08459214501510574,0.05740181268882175,0.35149895421798744,0.006193584266399186,0.0007632003549177781
autor::UCaKAjTW9MVub_clgr4DRYjQ,1,1,0.05263157894736842,0.0,0.17422779922779924,0.0015012876402744307,0.0006549010269817344,UCaKAjTW9MVub_clgr4DRYjQ,@josecastillo4390,1,1,1,1,48,48,0.14501510574018128,0.0,0.3553255369233154,0.002898162641229915,0.002218635774753275
autor::UCxff05WuyvwELNITi7bj7UA,1,1,0.05263157894736842,0.0,0.22186561048893746,0.0013102170967186151,0.04426701626519937,UCxff05WuyvwELNITi7bj7UA,@markoherrera,1,1,1,1,127,127,0.38368580060422963,0.0,0.45422330067930783,0.003268711512314818,0.08835177314221064
autor::UCZLG9qH0tUjNhEGFIUt0CYw,1,1,0.05263157894736842,0.0,0.22186561048893746,0.0013102170967186151,0.04426701626519937,UCZLG9qH0tUjNhEGFIUt0CYw,@SoniaMarroquin-y6e,1,1,1,1,127,127,0.38368580060422963,0.0,0.45422330067930783,0.003268711512314818,0.08835177314221061
autor::UCwgCc9Jd_gG-uLE_SY-FfPg,1,1,0.05263157894736842,0.0,0.17422779922779924,0.0015012876402744307,0.0006549010269817344,UCwgCc9Jd_gG-uLE_SY-FfPg,@armindapenados2841,1,1,1,1,48,48,0.14501510574018128,0.0,0.3553255369233154,0.002898162641229915,0.002218635774753291
autor::UCXSkL3ejZ8qWYyF_M7s_QKA,1,1,0.05263157894736842,0.0,0.22186561048893746,0.0013102170967186151,0.04426701626519937,UCXSkL3ejZ8qWYyF_M7s_QKA,@JacintaTzoy,1,1,1,1,127,127,0.38368580060422963,0.0,0.45422330067930783,0.003268711512314818,0.08835177314221059
autor::UChs3tU2BcKOT0CezykvAsGw,1,3,0.05263157894736842,0.0,0.22186561048893746,0.0030759504354549902,0.13280104879559812,UChs3tU2BcKOT0CezykvAsGw,@byronpontaza,3,1,1,1,127,127,0.38368580060422963,0.0,0.45422330067930783,0.003268711512314818,0.08835177314221061
autor::UC6PvO1_k5lHKGdAPo5_C6TA,1,1,0.05263157894736842,0.0,0.22186561048893746,0.0013102170967186151,0.04426701626519937,UC6PvO1_k5lHKGdAPo5_C6TA,@johnmejia992,1,1,1,1,127,127,0.38368580060422963,0.0,0.45422330067930783,0.003268711512314818,0.08835177314221059
autor::UCwxoKK59nGCeBqB2sXfDBIw,1,1,0.05263157894736842,0.0,0.1326122448979592,0.0012314659094801788,2.7197538771321635e-06,UCwxoKK59nGCeBqB2sXfDBIw,@vic-bonivideos,1,1,1,1,31,31,0.09365558912386707,0.0,0.2703838109369134,0.0031737991501789077,8.306085209580197e-06
autor::UCWaRixDdpgllTBf4V0jPnKQ,1,2,0.05263157894736842,0.0,0.1326122448979592,0.00203558139160993,5.439507754264327e-06,UCWaRixDdpgllTBf4V0jPnKQ,@hectormaaz5523,2,1,1,1,31,31,0.09365558912386707,0.0,0.2703838109369134,0.0031737991501789077,8.3060852095838e-06
autor::UCkVtmkK07b2zaVVNssX4lOg,1,1,0.05263157894736842,0.0,0.17422779922779924,0.0015012876402744307,0.0006549010269817344,UCkVtmkK07b2zaVVNssX4lOg,@HectorElias-u2l,1,1,1,1,48,48,0.14501510574018128,0.0,0.3553255369233154,0.002898162641229915,0.0022186357747532876
autor::UCN6qbfPSzFtjhqUDZ3Cv3CQ,1,1,0.05263157894736842,0.0,0.22186561048893746,0.0013102170967186151,0.04426701626519937,UCN6qbfPSzFtjhqUDZ3Cv3CQ,@carlosmedranovelasquez6380,1,1,1,1,127,127,0.38368580060422963,0.0,0.45422330067930783,0.003268711512314818,0.08835177314221059
autor::UC95PSMouTx2N5CbSq0hIyrQ,1,1,0.05263157894736842,0.0,0.17422779922779924,0.0015012876402744307,0.0006549010269817344,UC95PSMouTx2N5CbSq0hIyrQ,@lisss1908,1,1,1,1,48,48,0.14501510574018128,0.0,0.3553255369233154,0.002898162641229915,0.002218635774753291
autor::UCueV9cTyTDwgQSec1x2dYgA,1,1,0.05263157894736842,0.0,0.22186561048893746,0.0013102170967186151,0.04426701626519937,UCueV9cTyTDwgQSec1x2dYgA,@fredydomingo7062,1,1,1,1,127,127,0.38368580060422963,0.0,0.45422330067930783,0.003268711512314818,0.08835177314221063
autor::UC5H8ASmMC9WrURmzeB4ySog,1,5,0.05263157894736842,0.0,0.22186561048893746,0.004841683774191365,0.22133508132599686,UC5H8ASmMC9WrURmzeB4ySog,@ManuelEdran,5,1,1,1,127,127,0.38368580060422963,0.0,0.45422330067930783,0.003268711512314818,0.08835177314221061
autor::UCHhHUjaMAZ8SiXdCUCj9DkQ,1,2,0.05263157894736842,0.0,0.22186561048893746,0.0021930837660868027,0.08853403253039874,UCHhHUjaMAZ8SiXdCUCj9DkQ,@fredymendez1786,2,1,1,1,127,127,0.38368580060422963,0.0,0.45422330067930783,0.003268711512314818,0.08835177314221059
autor::UCgvw7xIdGFupzpt1Y_BFkEA,1,1,0.05263157894736842,0.0,0.22186561048893746,0.0013102170967186151,0.04426701626519937,UCgvw7xIdGFupzpt1Y_BFkEA,@fredygarcia9151,1,1,1,1,127,127,0.38368580060422963,0.0,0.45422330067930783,0.003268711512314818,0.0883517731422106
autor::UCeDNEtI8_a42bZ47wJiJMwQ,1,1,0.05263157894736842,0.0,0.17422779922779924,0.0015012876402744307,0.0006549010269817344,UCeDNEtI8_a42bZ47wJiJMwQ,@EdgarcalderonCalderong,1,1,1,1,48,48,0.14501510574018128,0.0,0.3553255369233154,0.002898162641229915,0.002218635774753289
autor::UCiOZX__1gahg1ypIj0_XG_w,1,1,0.05263157894736842,0.0,0.1326122448979592,0.0012314659094801788,2.7197538771321635e-06,UCiOZX__1gahg1ypIj0_XG_w,@mariogonzalezorellana8956,1,1,1,1,31,31,0.09365558912386707,0.0,0.2703838109369134,0.0031737991501789077,8.306085209581812e-06
autor::UCqCrvuoJpC-aVb0f4logQRQ,1,1,0.05263157894736842,0.0,0.17422779922779924,0.0015012876402744307,0.0006549010269817344,UCqCrvuoJpC-aVb0f4logQRQ,@Lyrics_GT,1,1,1,1,48,48,0.14501510574018128,0.0,0.3553255369233154,0.002898162641229915,0.002218635774753298
autor::UCld2stqxaVSk0QdGncM224A,1,1,0.05263157894736842,0.0,0.0065306122448979586,0.0018670735454650957,,UCld2stqxaVSk0QdGncM224A,@sarahernandez3873,1,1,1,1,3,3,0.00906344410876133,0.0,0.00906344410876133,0.0030432136335970775,
autor::UCpIdtvoFHVLGASGB5ySqIEA,1,1,0.05263157894736842,0.0,0.22186561048893746,0.0013102170967186151,0.04426701626519937,UCpIdtvoFHVLGASGB5ySqIEA,@VidalVillatoro-p4w,1,1,1,1,127,127,0.38368580060422963,0.0,0.45422330067930783,0.003268711512314818,0.08835177314221061
autor::UCtiHFjFu7d5v2XxHnKFUYig,1,1,0.05263157894736842,0.0,0.026448979591836733,0.0012806576023992745,,UCtiHFjFu7d5v2XxHnKFUYig,@Paul-gf7ec,1,1,1,1,17,17,0.0513595166163142,0.0,0.0513595166163142,0.00304321363359708,
autor::UCQM2tCKRRytVDRxNUfCDqQQ,1,1,0.05263157894736842,0.0,0.002857142857142857,0.002849002849002849,,UCQM2tCKRRytVDRxNUfCDqQQ,@elioelias7267,1,1,1,1,0,0,0.0,0.0,0.0,0.00045648204503956184,
autor::UCWvntqPQx99k_Z_skWKqNSA,1,1,0.05263157894736842,0.0,0.1326122448979592,0.0012314659094801788,2.7197538771321635e-06,UCWvntqPQx99k_Z_skWKqNSA,@AntonioChiyal-x5s,1,1,1,1,31,31,0.09365558912386707,0.0,0.2703838109369134,0.0031737991501789077,8.3060852095754e-06
autor::UCoGdCoJg2Lh0OX_jv6cG16g,1,2,0.05263157894736842,0.0,0.1326122448979592,0.00203558139160993,5.439507754264327e-06,UCoGdCoJg2Lh0OX_jv6cG16g,@Israel-u5i7i,2,1,1,1,31,31,0.09365558912386707,0.0,0.2703838109369134,0.0031737991501789077,8.306085209581827e-06
autor::UChgkn5Jt5tWKYMoEOuCjz3Q,1,1,0.05263157894736842,0.0,0.22186561048893746,0.0013102170967186151,0.04426701626519937,UChgkn5Jt5tWKYMoEOuCjz3Q,@pablochitay46,1,1,1,1,127,127,0.38368580060422963,0.0,0.45422330067930783,0.003268711512314818,0.08835177314221059
autor::UCiC-Jn7wdgyQV4_Urk0DkWQ,1,1,0.05263157894736842,0.0,0.17422779922779924,0.0015012876402744307,0.0006549010269817344,UCiC-Jn7wdgyQV4_Urk0DkWQ,@pedroros6358,1,1,1,1,48,48,0.14501510574018128,0.0,0.3553255369233154,0.002898162641229915,0.0022186357747532854
autor::UCQIdKuZ-OzuFqy0KjGrgesg,1,1,0.05263157894736842,0.0,0.005142857142857143,0.0019761768014137345,,UCQIdKuZ-OzuFqy0KjGrgesg,@lyacausa,1,1,1,1,2,2,0.006042296072507553,0.0,0.006042296072507553,0.003043213633597079,
autor::UCXr8_5WtGeipe4haOoQDgyQ,1,1,0.05263157894736842,0.0,0.22186561048893746,0.0013102170967186151,0.04426701626519937,UCXr8_5WtGeipe4haOoQDgyQ,@amyherrera7352,1,1,1,1,127,127,0.38368580060422963,0.0,0.45422330067930783,0.003268711512314818,0.0883517731422106
autor::UC_3xuTXvMIWU5MYP9HkJ3vQ,1,1,0.05263157894736842,0.0,0.10232426303854876,0.0014900677837631298,1.1376327292194734e-08,UC_3xuTXvMIWU5MYP9HkJ3vQ,@Historia-wm4os,1,1,1,1,12,12,0.03625377643504532,0.0,0.20846197102344144,0.002548612704496669,7.163946388786725e-08
autor::UCFjudnPLoaSL1BaRuLahyHg,1,3,0.05263157894736842,0.0,0.22186561048893746,0.0030759504354549902,0.13280104879559812,UCFjudnPLoaSL1BaRuLahyHg,@HaroldoCastillo-rh9iw,3,1,1,1,127,127,0.38368580060422963,0.0,0.45422330067930783,0.003268711512314818,0.08835177314221065
autor::UC-pNP6RMFuLg_-x7Ah_0kEA,1,1,0.05263157894736842,0.0,0.22186561048893746,0.0013102170967186151,0.04426701626519937,UC-pNP6RMFuLg_-x7Ah_0kEA,@almacatalan2717,1,1,1,1,127,127,0.38368580060422963,0.0,0.45422330067930783,0.003268711512314818,0.0883517731422106
autor::UC1Y7x3h0c95Z8kUhi-Tzaeg,1,1,0.05263157894736842,0.0,0.170640756302521,0.0012735810348890398,0.00041358525581375614,UC1Y7x3h0c95Z8kUhi-Tzaeg,@rosadiaz9235,1,1,1,1,18,18,0.054380664652567974,0.0,0.34828402475867654,0.002359046320435588,0.0008039764085493665
autor::UC1WlJfQmaIskYhP4gmWoamw,1,1,0.05263157894736842,0.0,0.026448979591836733,0.0012806576023992745,,UC1WlJfQmaIskYhP4gmWoamw,@marthareiss5434,1,1,1,1,17,17,0.0513595166163142,0.0,0.0513595166163142,0.00304321363359708,
autor::UC3MYTqpQqlWBuCB7Th0e0PA,1,1,0.05263157894736842,0.0,0.22186561048893746,0.0013102170967186151,0.04426701626519937,UC3MYTqpQqlWBuCB7Th0e0PA,@isaaclopez7220,1,1,1,1,127,127,0.38368580060422963,0.0,0.45422330067930783,0.003268711512314818,0.08835177314221061
autor::UCOcUI5XkTYNMSFhZNMIPpGg,1,1,0.05263157894736842,0.0,0.17422779922779924,0.0015012876402744307,0.0006549010269817344,UCOcUI5XkTYNMSFhZNMIPpGg,@hendersonlopez3864,1,1,1,1,48,48,0.14501510574018128,0.0,0.3553255369233154,0.002898162641229915,0.0022186357747532868
autor::UCOS8ViEkccrTZx2w2ccxotA,1,1,0.05263157894736842,0.0,0.22186561048893746,0.0013102170967186151,0.04426701626519937,UCOS8ViEkccrTZx2w2ccxotA,@OscarHernandez-q8y,1,1,1,1,127,127,0.38368580060422963,0.0,0.45422330067930783,0.003268711512314818,0.0883517731422106
autor::UC3iIU62XKUOWuqL8BqBzj9A,1,1,0.05263157894736842,0.0,0.14614069809283917,0.001594478004275582,0.0001784446975757659,UC3iIU62XKUOWuqL8BqBzj9A,@antonioduarte2288,1,1,1,1,6,6,0.01812688821752266,0.0,0.29826934757401025,0.0016697553162696441,0.0007242558070261413
autor::UCV3fr-YOixFKCZBbJP1-X4w,1,5,0.05263157894736842,0.0,0.1326122448979592,0.004447927837999185,1.3598769385665007e-05,UCV3fr-YOixFKCZBbJP1-X4w,@albertoshernandez5251,5,1,1,1,31,31,0.09365558912386707,0.0,0.2703838109369134,0.0031737991501789077,8.306085209580651e-06
autor::UCmjppp6ujz3SAnULvP3sZMw,1,1,0.05263157894736842,0.0,0.22186561048893746,0.0013102170967186151,0.04426701626519937,UCmjppp6ujz3SAnULvP3sZMw,@marcomendez7509,1,1,1,1,127,127,0.38368580060422963,0.0,0.45422330067930783,0.003268711512314818,0.08835177314221064
autor::UC5PyGvSfFM--OVKmQ3COu6g,1,1,0.05263157894736842,0.0,0.03644314868804665,0.0015921333404745244,,UC5PyGvSfFM--OVKmQ3COu6g,@FreddyGmez,1,1,1,1,24,24,0.07250755287009064,0.0,0.07250755287009064,0.00304321363359708,
autor::UCQqetiwzzmRNTM5OWuXarGQ,1,1,0.05263157894736842,0.0,0.22186561048893746,0.0013102170967186151,0.04426701626519937,UCQqetiwzzmRNTM5OWuXarGQ,@isaiaslopezvelasquez1539,1,1,1,1,127,127,0.38368580060422963,0.0,0.45422330067930783,0.003268711512314818,0.08835177314221063
autor::UCCaYwkkbQGcvFoUmothVdQQ,1,1,0.05263157894736842,0.0,0.22186561048893746,0.0013102170967186151,0.04426701626519937,UCCaYwkkbQGcvFoUmothVdQQ,@OsvaldoAguirre-l3i,1,1,1,1,127,127,0.38368580060422963,0.0,0.45422330067930783,0.003268711512314818,0.0883517731422106
autor::UCQgYjVngJRfPHDLGB5X6ZjA,1,1,0.05263157894736842,0.0,0.22186561048893746,0.0013102170967186151,0.04426701626519937,UCQgYjVngJRfPHDLGB5X6ZjA,@oscarnavas9996,1,1,1,1,127,127,0.38368580060422963,0.0,0.45422330067930783,0.003268711512314818,0.08835177314221063
autor::UCN2N_wYOw6fMwCeSzdXLPIw,1,1,0.05263157894736842,0.0,0.170640756302521,0.0012735810348890398,0.00041358525581375614,UCN2N_wYOw6fMwCeSzdXLPIw,@danielantoniogonzalezflore4901,1,1,1,1,18,18,0.054380664652567974,0.0,0.34828402475867654,0.002359046320435588,0.0008039764085493649
autor::UC9vMq1YF-e7C-VO0SHkbUTA,1,4,0.05263157894736842,0.0,0.22186561048893746,0.003958817104823178,0.17706806506079747,UC9vMq1YF-e7C-VO0SHkbUTA,@ErvinLeonardoCarreraLatín,4,1,1,1,127,127,0.38368580060422963,0.0,0.45422330067930783,0.003268711512314818,0.08835177314221059
autor::UC8F2V63KZ4ZEay6opX2hAQw,1,1,0.05263157894736842,0.0,0.22186561048893746,0.0013102170967186151,0.04426701626519937,UC8F2V63KZ4ZEay6opX2hAQw,@carmenr6311,1,1,1,1,127,127,0.38368580060422963,0.0,0.45422330067930783,0.003268711512314818,0.0883517731422106
autor::UCheEJ5GZuIvV0fj-nXyVwXw,1,1,0.05263157894736842,0.0,0.1326122448979592,0.0012314659094801788,2.7197538771321635e-06,UCheEJ5GZuIvV0fj-nXyVwXw,@rosaoliva9389,1,1,1,1,31,31,0.09365558912386707,0.0,0.2703838109369134,0.0031737991501789077,8.30608520958085e-06
autor::UCujPF2nBgsTD62nWE3lcpIg,1,1,0.05263157894736842,0.0,0.22186561048893746,0.0013102170967186151,0.04426701626519937,UCujPF2nBgsTD62nWE3lcpIg,@victorarturoruanobautista7588,1,1,1,1,127,127,0.38368580060422963,0.0,0.45422330067930783,0.003268711512314818,0.08835177314221063
autor::UCV0iizTBoOfdAFX_thfI9BA,1,1,0.05263157894736842,0.0,0.22186561048893746,0.0013102170967186151,0.04426701626519937,UCV0iizTBoOfdAFX_thfI9BA,@BenjaminLarios-jd8nk,1,1,1,1,127,127,0.38368580060422963,0.0,0.45422330067930783,0.003268711512314818,0.0883517731422106
autor::UCp29O_C7cchZV8IxV7Crdag,1,2,0.05263157894736842,0.0,0.1326122448979592,0.00203558139160993,5.439507754264327e-06,UCp29O_C7cchZV8IxV7Crdag,@robertoescobar5507,2,1,1,1,31,31,0.09365558912386707,0.0,0.2703838109369134,0.0031737991501789077,8.306085209581652e-06
autor::UCkxdJ_yGN2gghOMo2ybQtXQ,1,1,0.05263157894736842,0.0,0.12357371063441351,0.0015133016567510666,2.364779232623833e-06,UCkxdJ_yGN2gghOMo2ybQtXQ,@11223344An,1,1,1,1,15,15,0.045317220543806644,0.0,0.2510706815842767,0.0030386509494715547,1.33830753555352e-05
autor::UCjZgFEowMBrsjodqfovzdKw,2,2,0.10526315789473684,0.05789602947196071,0.13461219754723236,0.0022941832658928815,2.731130204423977e-06,UCjZgFEowMBrsjodqfovzdKw,@franciscoflores3120,2,2,2,1,43,43,0.1299093655589124,0.05778632243889041,0.27427889584836956,0.005323075459191375,8.312799489694812e-06
autor::UC4wq3DcbfaG6dtCqn8Oyu3w,1,1,0.05263157894736842,0.0,0.22186561048893746,0.0013102170967186151,0.04426701626519937,UC4wq3DcbfaG6dtCqn8Oyu3w,@hugoasencio7764,1,1,1,1,127,127,0.38368580060422963,0.0,0.45422330067930783,0.003268711512314818,0.08835177314221061
autor::UCVC2QugcI1G4RvlCiUqd1aQ,1,2,0.05263157894736842,0.0,0.16792433326442008,0.002308282588091851,0.00037588820023407927,UCVC2QugcI1G4RvlCiUqd1aQ,@rwdm76,2,1,1,1,9,9,0.027190332326283987,0.0,0.34151617375439736,0.0019228331088015492,0.0007555358413171464
autor::UCXVLc8CmAO813ubM-fLvCDw,1,1,0.05263157894736842,0.0,0.12357371063441351,0.0015133016567510666,2.364779232623833e-06,UCXVLc8CmAO813ubM-fLvCDw,@herminiasaquimux7565,1,1,1,1,15,15,0.045317220543806644,0.0,0.2510706815842767,0.0030386509494715547,1.3383075355530242e-05
autor::UCwW2OFy95P7ZBkOPxWkpvYg,1,2,0.05263157894736842,0.0,0.22186561048893746,0.0021930837660868027,0.08853403253039874,UCwW2OFy95P7ZBkOPxWkpvYg,@TeresaLucero-b5o,2,1,1,1,127,127,0.38368580060422963,0.0,0.45422330067930783,0.003268711512314818,0.08835177314221061
autor::UC3XTwHxygNCgjndsg-UiCQA,1,3,0.05263157894736842,0.0,0.22186561048893746,0.0030759504354549902,0.13280104879559812,UC3XTwHxygNCgjndsg-UiCQA,@marioajset4283,3,1,1,1,127,127,0.38368580060422963,0.0,0.45422330067930783,0.003268711512314818,0.08835177314221063
autor::UCgQw_Sbq3ugruDUKsq1e0-A,1,1,0.05263157894736842,0.0,0.17422779922779924,0.0015012876402744307,0.0006549010269817344,UCgQw_Sbq3ugruDUKsq1e0-A,@marlenareano-h4t,1,1,1,1,48,48,0.14501510574018128,0.0,0.3553255369233154,0.002898162641229915,0.002218635774753289
autor::UCL13XhnRzbGokEkCkEOb0-g,1,2,0.05263157894736842,0.0,0.22186561048893746,0.0021930837660868027,0.08853403253039874,UCL13XhnRzbGokEkCkEOb0-g,@raquelprado3643,2,1,1,1,127,127,0.38368580060422963,0.0,0.45422330067930783,0.003268711512314818,0.08835177314221061
autor::UCQtSFINs1h6GHkpg9o5kMvg,1,1,0.05263157894736842,0.0,0.22186561048893746,0.0013102170967186151,0.04426701626519937,UCQtSFINs1h6GHkpg9o5kMvg,@MacarioMartinezruiz,1,1,1,1,127,127,0.38368580060422963,0.0,0.45422330067930783,0.003268711512314818,0.0883517731422106
autor::UC2ngpd8UBQu4gcUYy0goAtg,1,1,0.05263157894736842,0.0,0.10232426303854876,0.0014900677837631298,1.1376327292194734e-08,UC2ngpd8UBQu4gcUYy0goAtg,@juliohernandez7438,1,1,1,1,12,12,0.03625377643504532,0.0,0.20846197102344144,0.002548612704496669,7.163946388959432e-08
autor::UC7IMsCxfZyWN7YQo8-JYa6Q,1,2,0.05263157894736842,0.0,0.170640756302521,0.002119811642427652,0.0008271705116275123,UC7IMsCxfZyWN7YQo8-JYa6Q,@Burgos68,2,1,1,1,18,18,0.054380664652567974,0.0,0.34828402475867654,0.002359046320435588,0.0008039764085493603
autor::UCzSfZlOVxBSs5ObD25ywxDQ,1,1,0.05263157894736842,0.0,0.22186561048893746,0.0013102170967186151,0.04426701626519937,UCzSfZlOVxBSs5ObD25ywxDQ,@GilmarMaldonado-q9m,1,1,1,1,127,127,0.38368580060422963,0.0,0.45422330067930783,0.003268711512314818,0.08835177314221061
autor::UCLFdHr9BEbXHkoJopbEPLZw,1,2,0.05263157894736842,0.0,0.22186561048893746,0.0021930837660868027,0.08853403253039874,UCLFdHr9BEbXHkoJopbEPLZw,@kanterra4584,2,1,1,1,127,127,0.38368580060422963,0.0,0.45422330067930783,0.003268711512314818,0.08835177314221063
autor::UCNkcuy42zEwddwEcOd_HpnA,1,1,0.05263157894736842,0.0,0.22186561048893746,0.0013102170967186151,0.04426701626519937,UCNkcuy42zEwddwEcOd_HpnA,@vanigomez492,1,1,1,1,127,127,0.38368580060422963,0.0,0.45422330067930783,0.003268711512314818,0.0883517731422106
autor::UCJp3OrVYcBorC94sKwdch_A,1,1,0.05263157894736842,0.0,0.16792433326442008,0.001367816507721139,0.00018794410011703963,UCJp3OrVYcBorC94sKwdch_A,@ULJoshmg2011,1,1,1,1,9,9,0.027190332326283987,0.0,0.34151617375439736,0.0019228331088015492,0.0007555358413171475
autor::UCLh1Kde4_vI1sTZBkTNP7RQ,1,1,0.05263157894736842,0.0,0.12383747522488185,0.0016244245455000737,2.6399704692316233e-06,UCLh1Kde4_vI1sTZBkTNP7RQ,@JoelReynoso-d4r,1,1,1,1,6,6,0.01812688821752266,0.0,0.2521791614146709,0.001806375196548455,1.818706955608287e-05
autor::UCThW2XNsAaBKme5PUt7n-Zg,1,1,0.05263157894736842,0.0,0.22186561048893746,0.0013102170967186151,0.04426701626519937,UCThW2XNsAaBKme5PUt7n-Zg,@thelmamoran8565,1,1,1,1,127,127,0.38368580060422963,0.0,0.45422330067930783,0.003268711512314818,0.08835177314221061
autor::UC6YSZqL0vEcI-niPKIMUGfw,1,1,0.05263157894736842,0.0,0.22186561048893746,0.0013102170967186151,0.04426701626519937,UC6YSZqL0vEcI-niPKIMUGfw,@maxwellsales885,1,1,1,1,127,127,0.38368580060422963,0.0,0.45422330067930783,0.003268711512314818,0.08835177314221064
autor::UCNBnKqWf4d-rS4HwJRQljmQ,1,2,0.05263157894736842,0.0,0.22186561048893746,0.0021930837660868027,0.08853403253039874,UCNBnKqWf4d-rS4HwJRQljmQ,@LE_A22,2,1,1,1,127,127,0.38368580060422963,0.0,0.45422330067930783,0.003268711512314818,0.08835177314221063
autor::UCO0zwwLWGyDgQmWPJ5Qrr1w,1,1,0.05263157894736842,0.0,0.10232426303854876,0.0014900677837631298,1.1376327292194734e-08,UCO0zwwLWGyDgQmWPJ5Qrr1w,@elsalvador3605,1,1,1,1,12,12,0.03625377643504532,0.0,0.20846197102344144,0.002548612704496669,7.163946388844217e-08
autor::UCwjUvRseNtJoItylIyIez7Q,1,1,0.05263157894736842,0.0,0.17422779922779924,0.0015012876402744307,0.0006549010269817344,UCwjUvRseNtJoItylIyIez7Q,@Silviazea,1,1,1,1,48,48,0.14501510574018128,0.0,0.3553255369233154,0.002898162641229915,0.0022186357747532824
autor::UCTwSut16JyAg3mX6LVUNGqA,1,1,0.05263157894736842,0.0,0.22186561048893746,0.0013102170967186151,0.04426701626519937,UCTwSut16JyAg3mX6LVUNGqA,@SuperVictor2005,1,1,1,1,127,127,0.38368580060422963,0.0,0.45422330067930783,0.003268711512314818,0.0883517731422106
autor::UCLggDc_a5HriXv7I1h02sOA,1,2,0.05263157894736842,0.0,0.22186561048893746,0.0021930837660868027,0.08853403253039874,UCLggDc_a5HriXv7I1h02sOA,@guillermogonzalez5153,2,1,1,1,127,127,0.38368580060422963,0.0,0.45422330067930783,0.003268711512314818,0.0883517731422106
autor::UCwO2SXr0ggzwg6QWWrr01nQ,1,1,0.05263157894736842,0.0,0.22186561048893746,0.0013102170967186151,0.04426701626519937,UCwO2SXr0ggzwg6QWWrr01nQ,@ricardofigueroa5720,1,1,1,1,127,127,0.38368580060422963,0.0,0.45422330067930783,0.003268711512314818,0.08835177314221061
autor::UC816IGbFCZinfYS1LRDaaHg,1,1,0.05263157894736842,0.0,0.17422779922779924,0.0015012876402744307,0.0006549010269817344,UC816IGbFCZinfYS1LRDaaHg,@ingenieroar,1,1,1,1,48,48,0.14501510574018128,0.0,0.3553255369233154,0.002898162641229915,0.002218635774753294
autor::UC3qn1yJA5PeW9rkGPatQxiw,1,1,0.05263157894736842,0.0,0.22186561048893746,0.0013102170967186151,0.04426701626519937,UC3qn1yJA5PeW9rkGPatQxiw,@VICTOREST19,1,1,1,1,127,127,0.38368580060422963,0.0,0.45422330067930783,0.003268711512314818,0.0883517731422106
autor::UCaT4saRcyqCLE657Rq2hhZQ,1,1,0.05263157894736842,0.0,0.1326122448979592,0.0012314659094801788,2.7197538771321635e-06,UCaT4saRcyqCLE657Rq2hhZQ,@elmilenial4064,1,1,1,1,31,31,0.09365558912386707,0.0,0.2703838109369134,0.0031737991501789077,8.306085209584873e-06
autor::UCc_F88PzGWtA1OPNUEASulA,1,1,0.05263157894736842,0.0,0.12357371063441351,0.0015133016567510666,2.364779232623833e-06,UCc_F88PzGWtA1OPNUEASulA,@rockyscarlet,1,1,1,1,15,15,0.045317220543806644,0.0,0.2510706815842767,0.0030386509494715547,1.338307535552907e-05
autor::UCErZPJpHmLCsXs8ZWkAUupQ,1,1,0.05263157894736842,0.0,0.22186561048893746,0.0013102170967186151,0.04426701626519937,UCErZPJpHmLCsXs8ZWkAUupQ,@dorisl.garciaroche7763,1,1,1,1,127,127,0.38368580060422963,0.0,0.45422330067930783,0.003268711512314818,0.08835177314221063
autor::UCFOxCyF926Y9eHhMeVoWLzw,1,1,0.05263157894736842,0.0,0.03644314868804665,0.0015921333404745244,,UCFOxCyF926Y9eHhMeVoWLzw,@arielsarc09,1,1,1,1,24,24,0.07250755287009064,0.0,0.07250755287009064,0.00304321363359708,
autor::UC72gBAtyb_VXQlYDcFrh6oQ,1,3,0.05263157894736842,0.0,0.22186561048893746,0.0030759504354549902,0.13280104879559812,UC72gBAtyb_VXQlYDcFrh6oQ,@osmanmorales3012,3,1,1,1,127,127,0.38368580060422963,0.0,0.45422330067930783,0.003268711512314818,0.0883517731422106
autor::UCi1b_TRQfgO1Z9O2gNGGWNA,1,2,0.05263157894736842,0.0,0.22186561048893746,0.0021930837660868027,0.08853403253039874,UCi1b_TRQfgO1Z9O2gNGGWNA,@davidisraelesquitsaquil,2,1,1,1,127,127,0.38368580060422963,0.0,0.45422330067930783,0.003268711512314818,0.08835177314221061
autor::UCBlm80VQ4YoV3bUJR_XhkaQ,1,2,0.05263157894736842,0.0,0.026448979591836733,0.0021339647774481214,,UCBlm80VQ4YoV3bUJR_XhkaQ,@rosadiaz6945,2,1,1,1,17,17,0.0513595166163142,0.0,0.0513595166163142,0.00304321363359708,
autor::UColMq7LmaoY3MT6aIDGrGvA,1,1,0.05263157894736842,0.0,0.17422779922779924,0.0015012876402744307,0.0006549010269817344,UColMq7LmaoY3MT6aIDGrGvA,@quijotachapina1,1,1,1,1,48,48,0.14501510574018128,0.0,0.3553255369233154,0.002898162641229915,0.002218635774753292
autor::UCat2qkYvqmtDNEmo2PVuhXw,1,1,0.05263157894736842,0.0,0.026448979591836733,0.0012806576023992745,,UCat2qkYvqmtDNEmo2PVuhXw,@DoraSalas-j5o,1,1,1,1,17,17,0.0513595166163142,0.0,0.0513595166163142,0.00304321363359708,
autor::UCSTAUWVc1_82DHYeqOsqEFA,1,1,0.05263157894736842,0.0,0.03644314868804665,0.0015921333404745244,,UCSTAUWVc1_82DHYeqOsqEFA,@TheAlexX_C,1,1,1,1,24,24,0.07250755287009064,0.0,0.07250755287009064,0.00304321363359708,
autor::UCcFIBN-rtC3d3hXeuN5TfWw,1,1,0.05263157894736842,0.0,0.12357371063441351,0.0015133016567510666,2.364779232623833e-06,UCcFIBN-rtC3d3hXeuN5TfWw,@DenisRMC,1,1,1,1,15,15,0.045317220543806644,0.0,0.2510706815842767,0.0030386509494715547,1.338307535553107e-05
autor::UCV0lM03g5fg5pbPj97-sAtA,1,1,0.05263157894736842,0.0,0.17422779922779924,0.0015012876402744307,0.0006549010269817344,UCV0lM03g5fg5pbPj97-sAtA,@genarodelgado3929,1,1,1,1,48,48,0.14501510574018128,0.0,0.3553255369233154,0.002898162641229915,0.0022186357747532894
autor::UC_ljZ1hZXR9pzexFz87P5ZA,1,1,0.05263157894736842,0.0,0.03644314868804665,0.0015921333404745244,,UC_ljZ1hZXR9pzexFz87P5ZA,@ChRiStOpHeR7969,1,1,1,1,24,24,0.07250755287009064,0.0,0.07250755287009064,0.00304321363359708,
autor::UCLXYp1Cvc5DLtq5UQL5D9vw,1,1,0.05263157894736842,0.0,0.10232426303854876,0.0014900677837631298,1.1376327292194734e-08,UCLXYp1Cvc5DLtq5UQL5D9vw,@jorgecifuentes-m5g,1,1,1,1,12,12,0.03625377643504532,0.0,0.20846197102344144,0.002548612704496669,7.16394638864479e-08
autor::UCfjhejO7LZy4doXURa7LZCQ,1,1,0.05263157894736842,0.0,0.10232426303854876,0.0014900677837631298,1.1376327292194734e-08,UCfjhejO7LZy4doXURa7LZCQ,@HonwayLee-z5g,1,1,1,1,12,12,0.03625377643504532,0.0,0.20846197102344144,0.002548612704496669,7.16394638837797e-08
autor::UCplrIQtaPj6au60_f2-mOYw,1,1,0.05263157894736842,0.0,0.22186561048893746,0.0013102170967186151,0.04426701626519937,UCplrIQtaPj6au60_f2-mOYw,@romeolopezherrarte799,1,1,1,1,127,127,0.38368580060422963,0.0,0.45422330067930783,0.003268711512314818,0.0883517731422106
autor::UCql1n3Ey6ULMSOACjMe-fxQ,1,1,0.05263157894736842,0.0,0.1326122448979592,0.0012314659094801788,2.7197538771321635e-06,UCql1n3Ey6ULMSOACjMe-fxQ,@RolandoGonzalez-o7g,1,1,1,1,31,31,0.09365558912386707,0.0,0.2703838109369134,0.0031737991501789077,8.306085209582445e-06
autor::UCZFQwqh90apuL8eFhvRBkUg,1,1,0.05263157894736842,0.0,0.1326122448979592,0.0012314659094801788,2.7197538771321635e-06,UCZFQwqh90apuL8eFhvRBkUg,@luisricardo9671,1,1,1,1,31,31,0.09365558912386707,0.0,0.2703838109369134,0.0031737991501789077,8.306085209583067e-06
autor::UCyJhqmMbsvjpoarBBStA2kg,1,6,0.05263157894736842,0.0,0.1326122448979592,0.005252043320128936,1.6318523262793743e-05,UCyJhqmMbsvjpoarBBStA2kg,@Murmullodelbarrio,6,1,1,1,31,31,0.09365558912386707,0.0,0.2703838109369134,0.0031737991501789077,8.30608520958383e-06
autor::UC63tFvbQ_hJhGDi2nbjssjw,1,1,0.05263157894736842,0.0,0.1326122448979592,0.0012314659094801788,2.7197538771321635e-06,UC63tFvbQ_hJhGDi2nbjssjw,@AbigailRodas-w2r,1,1,1,1,31,31,0.09365558912386707,0.0,0.2703838109369134,0.0031737991501789077,8.306085209582921e-06
autor::UCtCtts20bW6F9CSohau51Iw,1,2,0.05263157894736842,0.0,0.1326122448979592,0.00203558139160993,5.439507754264327e-06,UCtCtts20bW6F9CSohau51Iw,@carlosgranados9875,2,1,1,1,31,31,0.09365558912386707,0.0,0.2703838109369134,0.0031737991501789077,8.306085209581388e-06
autor::UCcfdg8crmMJwEuLUsAhV7yg,1,1,0.05263157894736842,0.0,0.22186561048893746,0.0013102170967186151,0.04426701626519937,UCcfdg8crmMJwEuLUsAhV7yg,@RolandoRaguay,1,1,1,1,127,127,0.38368580060422963,0.0,0.45422330067930783,0.003268711512314818,0.08835177314221061
autor::UC6Uj1FT5JjDSF8vudvDxPAA,1,1,0.05263157894736842,0.0,0.17422779922779924,0.0015012876402744307,0.0006549010269817344,UC6Uj1FT5JjDSF8vudvDxPAA,@alfredoortega9264,1,1,1,1,48,48,0.14501510574018128,0.0,0.3553255369233154,0.002898162641229915,0.002218635774753289
autor::UCj-LL25XJnjxepPKCc3NGog,1,1,0.05263157894736842,0.0,0.22186561048893746,0.0013102170967186151,0.04426701626519937,UCj-LL25XJnjxepPKCc3NGog,@anaaguirre8985,1,1,1,1,127,127,0.38368580060422963,0.0,0.45422330067930783,0.003268711512314818,0.08835177314221057
autor::UC1DpqK6vaPEkBOMNvypsKYg,1,1,0.05263157894736842,0.0,0.17422779922779924,0.0015012876402744307,0.0006549010269817344,UC1DpqK6vaPEkBOMNvypsKYg,@HectorCarranza-u4j4o,1,1,1,1,48,48,0.14501510574018128,0.0,0.3553255369233154,0.002898162641229915,0.0022186357747532868
autor::UCpsKOkt5iWTbenzeuq7dsmQ,3,3,0.15789473684210525,0.21807613589848548,0.26552795031055904,0.00332462039001333,0.04510986139229813,UCpsKOkt5iWTbenzeuq7dsmQ,@inge_vergueta,3,3,1,2,183,184,0.552870090634441,0.22027831181909732,0.541408341804957,0.007330034160172529,0.08992132562876509
autor::UCDftMWXQoJ6nONfY7GVOVjg,1,1,0.05263157894736842,0.0,0.22186561048893746,0.0013102170967186151,0.04426701626519937,UCDftMWXQoJ6nONfY7GVOVjg,@luisgpacheco5858,1,1,1,1,127,127,0.38368580060422963,0.0,0.45422330067930783,0.003268711512314818,0.08835177314221057
autor::UCYwpX26TrCxq8TvbKGRYLXA,1,1,0.05263157894736842,0.0,0.22186561048893746,0.0013102170967186151,0.04426701626519937,UCYwpX26TrCxq8TvbKGRYLXA,@beneficioelcaminovillacana8540,1,1,1,1,127,127,0.38368580060422963,0.0,0.45422330067930783,0.003268711512314818,0.08835177314221061
autor::UCUIIIPTVDVHAXqhC_5V6lPA,1,1,0.05263157894736842,0.0,0.22186561048893746,0.0013102170967186151,0.04426701626519937,UCUIIIPTVDVHAXqhC_5V6lPA,@gorrarota,1,1,1,1,127,127,0.38368580060422963,0.0,0.45422330067930783,0.003268711512314818,0.08835177314221059
autor::UCzZ6dDCEsLMXbc5pCFXIprw,2,2,0.10526315789473684,0.17683176422431438,0.18273340832395948,0.002077696517018791,0.0004163050096908849,UCzZ6dDCEsLMXbc5pCFXIprw,@josegil3813,2,2,1,1,49,49,0.14803625377643503,0.18266044127071318,0.3727150411773113,0.0050979354025684495,0.0008059875160367079
autor::UCNIeXbV_mEwpa412h1aqUWw,1,3,0.05263157894736842,0.0,0.170640756302521,0.0029660422499662637,0.0012407557674412413,UCNIeXbV_mEwpa412h1aqUWw,@juandeleon9060,3,1,1,1,18,18,0.054380664652567974,0.0,0.34828402475867654,0.002359046320435588,0.0008039764085493639
autor::UC_6KbBY1bsYXz9fwFS0eQRg,1,1,0.05263157894736842,0.0,0.16792433326442008,0.001367816507721139,0.00018794410011703963,UC_6KbBY1bsYXz9fwFS0eQRg,@imrcp5694,1,1,1,1,9,9,0.027190332326283987,0.0,0.34151617375439736,0.0019228331088015492,0.0007555358413171568
autor::UCDQaQv0hr2SS_PO-CMEwVHg,1,1,0.05263157894736842,0.0,0.22186561048893746,0.0013102170967186151,0.04426701626519937,UCDQaQv0hr2SS_PO-CMEwVHg,@federicosaquimux1933,1,1,1,1,127,127,0.38368580060422963,0.0,0.45422330067930783,0.003268711512314818,0.08835177314221064
autor::UCefAH1MbvADWUjE9WVcB9EQ,1,1,0.05263157894736842,0.0,0.12357371063441351,0.0015133016567510666,2.364779232623833e-06,UCefAH1MbvADWUjE9WVcB9EQ,@jabriz8152,1,1,1,1,15,15,0.045317220543806644,0.0,0.2510706815842767,0.0030386509494715547,1.3383075355528863e-05
autor::UCEHXl4VvvVpq-_4xC5tsbhg,1,1,0.05263157894736842,0.0,0.1326122448979592,0.0012314659094801788,2.7197538771321635e-06,UCEHXl4VvvVpq-_4xC5tsbhg,@anibalg47,1,1,1,1,31,31,0.09365558912386707,0.0,0.2703838109369134,0.0031737991501789077,8.30608520957312e-06
autor::UCeQk-WfEA-cJRq4EKeE7TOw,1,1,0.05263157894736842,0.0,0.1326122448979592,0.0012314659094801788,2.7197538771321635e-06,UCeQk-WfEA-cJRq4EKeE7TOw,@franciscojuarez9223,1,1,1,1,31,31,0.09365558912386707,0.0,0.2703838109369134,0.0031737991501789077,8.306085209586813e-06
autor::UCkd9W714-947dEE6ZOEBATA,1,2,0.05263157894736842,0.0,0.22186561048893746,0.0021930837660868027,0.08853403253039874,UCkd9W714-947dEE6ZOEBATA,@ARGELIATELON,2,1,1,1,127,127,0.38368580060422963,0.0,0.45422330067930783,0.003268711512314818,0.08835177314221061
autor::UCljDbleJul41G1TzOjOZAVA,1,1,0.05263157894736842,0.0,0.22186561048893746,0.0013102170967186151,0.04426701626519937,UCljDbleJul41G1TzOjOZAVA,@hectorcarranza3777,1,1,1,1,127,127,0.38368580060422963,0.0,0.45422330067930783,0.003268711512314818,0.08835177314221063
autor::UCGGHbtfbbe0o68etrOf0qxw,1,1,0.05263157894736842,0.0,0.17422779922779924,0.0015012876402744307,0.0006549010269817344,UCGGHbtfbbe0o68etrOf0qxw,@karensussetteleonvargas9794,1,1,1,1,48,48,0.14501510574018128,0.0,0.3553255369233154,0.002898162641229915,0.0022186357747532954
autor::UCVdjCrh4tQoX3haNAZv-n5A,1,1,0.05263157894736842,0.0,0.026448979591836733,0.0012806576023992745,,UCVdjCrh4tQoX3haNAZv-n5A,@aurahernandez5646,1,1,1,1,17,17,0.0513595166163142,0.0,0.0513595166163142,0.00304321363359708,
autor::UCZeIIQrGAedW8tCbKWmGY-A,1,1,0.05263157894736842,0.0,0.17422779922779924,0.0015012876402744307,0.0006549010269817344,UCZeIIQrGAedW8tCbKWmGY-A,@mariocordon8873,1,1,1,1,48,48,0.14501510574018128,0.0,0.3553255369233154,0.002898162641229915,0.002218635774753293
autor::UCFUuDARXdmmIrLppEqf-rFg,1,1,0.05263157894736842,0.0,0.22186561048893746,0.0013102170967186151,0.04426701626519937,UCFUuDARXdmmIrLppEqf-rFg,@allanmunoz7410,1,1,1,1,127,127,0.38368580060422963,0.0,0.45422330067930783,0.003268711512314818,0.08835177314221063
autor::UCCUmP4PlbwgikVFpYwbtRTg,1,1,0.05263157894736842,0.0,0.12357371063441351,0.0015133016567510666,2.364779232623833e-06,UCCUmP4PlbwgikVFpYwbtRTg,@alhvi,1,1,1,1,15,15,0.045317220543806644,0.0,0.2510706815842767,0.0030386509494715547,1.3383075355517576e-05
autor::UCfXykdbSU97rj987LDUGfvg,1,1,0.05263157894736842,0.0,0.10232426303854876,0.0014900677837631298,1.1376327292194734e-08,UCfXykdbSU97rj987LDUGfvg,@MariaSantos-c8y3h,1,1,1,1,12,12,0.03625377643504532,0.0,0.20846197102344144,0.002548612704496669,7.163946388786353e-08
autor::UC4Avya4kmR4Q0FrfFdBozSQ,1,1,0.05263157894736842,0.0,0.17422779922779924,0.0015012876402744307,0.0006549010269817344,UC4Avya4kmR4Q0FrfFdBozSQ,@davidlima1348,1,1,1,1,48,48,0.14501510574018128,0.0,0.3553255369233154,0.002898162641229915,0.0022186357747532863
autor::UChep9kVb5gQmpodEEl10Xlg,1,1,0.05263157894736842,0.0,0.22186561048893746,0.0013102170967186151,0.04426701626519937,UChep9kVb5gQmpodEEl10Xlg,@carlosaguilar-kz7ml,1,1,1,1,127,127,0.38368580060422963,0.0,0.45422330067930783,0.003268711512314818,0.0883517731422106
autor::UCtsxPYw8VUsH_FfnKg-0lmw,1,1,0.05263157894736842,0.0,0.1326122448979592,0.0012314659094801788,2.7197538771321635e-06,UCtsxPYw8VUsH_FfnKg-0lmw,@AlejandroPérez-b6r,1,1,1,1,31,31,0.09365558912386707,0.0,0.2703838109369134,0.0031737991501789077,8.30608520958073e-06
autor::UCRlCV9zSn7avAWh-9_XFWqQ,1,1,0.05263157894736842,0.0,0.22186561048893746,0.0013102170967186151,0.04426701626519937,UCRlCV9zSn7avAWh-9_XFWqQ,@ronyarana8849,1,1,1,1,127,127,0.38368580060422963,0.0,0.45422330067930783,0.003268711512314818,0.08835177314221063
autor::UCfo_yUPzy1f1POwwZxhZ06Q,1,1,0.05263157894736842,0.0,0.1326122448979592,0.0012314659094801788,2.7197538771321635e-06,UCfo_yUPzy1f1POwwZxhZ06Q,@lara11roberto,1,1,1,1,31,31,0.09365558912386707,0.0,0.2703838109369134,0.0031737991501789077,8.306085209582637e-06
autor::UCTylKrsqkrBKIqubMu_5N0Q,1,1,0.05263157894736842,0.0,0.22186561048893746,0.0013102170967186151,0.04426701626519937,UCTylKrsqkrBKIqubMu_5N0Q,@edwingeovanymarroquinmarro6684,1,1,1,1,127,127,0.38368580060422963,0.0,0.45422330067930783,0.003268711512314818,0.08835177314221063
autor::UC5hvEnRUzI4Kfvwnyi4QxqQ,1,1,0.05263157894736842,0.0,0.17422779922779924,0.0015012876402744307,0.0006549010269817344,UC5hvEnRUzI4Kfvwnyi4QxqQ,@leonelsantizo5281,1,1,1,1,48,48,0.14501510574018128,0.0,0.3553255369233154,0.002898162641229915,0.0022186357747532876
autor::UCVhif9eV0f8plICen2DnpKA,1,1,0.05263157894736842,0.0,0.12227156405238597,0.0015691590271952158,1.5186531327581726e-06,UCVhif9eV0f8plICen2DnpKA,@blogarteplus,1,1,1,1,5,5,0.015105740181268881,0.0,0.24834165243662154,0.0019964490731540488,6.203035382111734e-06
autor::UC1vr9aaMI2crB0NvwFHUeoQ,1,1,0.05263157894736842,0.0,0.22186561048893746,0.0013102170967186151,0.04426701626519937,UC1vr9aaMI2crB0NvwFHUeoQ,@JoseSimilox-p6e,1,1,1,1,127,127,0.38368580060422963,0.0,0.45422330067930783,0.003268711512314818,0.08835177314221061
autor::UCEgEQmRbtL5fwr9_DqAC--g,1,1,0.05263157894736842,0.0,0.22186561048893746,0.0013102170967186151,0.04426701626519937,UCEgEQmRbtL5fwr9_DqAC--g,@ArielRodas-g5y,1,1,1,1,127,127,0.38368580060422963,0.0,0.45422330067930783,0.003268711512314818,0.0883517731422106
autor::UCIUhbSCy3-SGRe5UtqM4fzQ,1,1,0.05263157894736842,0.0,0.03644314868804665,0.0015921333404745244,,UCIUhbSCy3-SGRe5UtqM4fzQ,@jeanmorales1677,1,1,1,1,24,24,0.07250755287009064,0.0,0.07250755287009064,0.00304321363359708,
autor::UCozFYHN0e_-vlQbX3wQGOug,1,1,0.05263157894736842,0.0,0.026448979591836733,0.0012806576023992745,,UCozFYHN0e_-vlQbX3wQGOug,@jesusguzman2321,1,1,1,1,17,17,0.0513595166163142,0.0,0.0513595166163142,0.00304321363359708,
autor::UCQMMuADgqWUOcJpLwHOzC-g,1,1,0.05263157894736842,0.0,0.026448979591836733,0.0012806576023992745,,UCQMMuADgqWUOcJpLwHOzC-g,@Ripped-Yoda,1,1,1,1,17,17,0.0513595166163142,0.0,0.0513595166163142,0.00304321363359708,
autor::UC-QOpE7GOxlXcHZ8b7HbQKA,1,2,0.05263157894736842,0.0,0.026448979591836733,0.0021339647774481214,,UC-QOpE7GOxlXcHZ8b7HbQKA,@mariaalexander427,2,1,1,1,17,17,0.0513595166163142,0.0,0.0513595166163142,0.00304321363359708,
autor::UC0RpuMwkDKJYqgKHtsJRuWQ,1,1,0.05263157894736842,0.0,0.03644314868804665,0.0015921333404745244,,UC0RpuMwkDKJYqgKHtsJRuWQ,@sabinamarinaguerra3248,1,1,1,1,24,24,0.07250755287009064,0.0,0.07250755287009064,0.00304321363359708,
autor::UC-HeUTT6_g-VoiWds2a4H-w,1,1,0.05263157894736842,0.0,0.1326122448979592,0.0012314659094801788,2.7197538771321635e-06,UC-HeUTT6_g-VoiWds2a4H-w,@JorgeMunoz-gd9et,1,1,1,1,31,31,0.09365558912386707,0.0,0.2703838109369134,0.0031737991501789077,8.306085209581886e-06
autor::UC2Y_EHWQKevubk4vOEBBFxw,1,1,0.05263157894736842,0.0,0.22186561048893746,0.0013102170967186151,0.04426701626519937,UC2Y_EHWQKevubk4vOEBBFxw,@alfonsomorales2653,1,1,1,1,127,127,0.38368580060422963,0.0,0.45422330067930783,0.003268711512314818,0.08835177314221063
autor::UCwEe1RKlEv1UpNWmWYfSh4w,1,1,0.05263157894736842,0.0,0.12357371063441351,0.0015133016567510666,2.364779232623833e-06,UCwEe1RKlEv1UpNWmWYfSh4w,@marioramirez299,1,1,1,1,15,15,0.045317220543806644,0.0,0.2510706815842767,0.0030386509494715547,1.3383075355532373e-05
autor::UCQtICyzWmhC5woCtbNgaSmg,1,2,0.05263157894736842,0.0,0.22186561048893746,0.0021930837660868027,0.08853403253039874,UCQtICyzWmhC5woCtbNgaSmg,@nestormendez6216,2,1,1,1,127,127,0.38368580060422963,0.0,0.45422330067930783,0.003268711512314818,0.0883517731422106
autor::UCDlr1VadSucIZgZ171pRBjQ,1,1,0.05263157894736842,0.0,0.22186561048893746,0.0013102170967186151,0.04426701626519937,UCDlr1VadSucIZgZ171pRBjQ,@cuabatzjj5924,1,1,1,1,127,127,0.38368580060422963,0.0,0.45422330067930783,0.003268711512314818,0.08835177314221061
autor::UCxKR3RA8T-kxMgq_2WWhRcQ,1,1,0.05263157894736842,0.0,0.03644314868804665,0.0015921333404745244,,UCxKR3RA8T-kxMgq_2WWhRcQ,@elenaluarca9377,1,1,1,1,24,24,0.07250755287009064,0.0,0.07250755287009064,0.00304321363359708,
autor::UCJxJC56BSAX-ArD0NAb9qnQ,1,1,0.05263157894736842,0.0,0.0038095238095238095,0.002194383313311013,,UCJxJC56BSAX-ArD0NAb9qnQ,@alfonsowilian9157,1,1,1,1,1,1,0.0030211480362537764,0.0,0.0030211480362537764,0.003043213633597079,
autor::UCqilIa8r7iek5sGYg_q6ofA,1,1,0.05263157894736842,0.0,0.03644314868804665,0.0015921333404745244,,UCqilIa8r7iek5sGYg_q6ofA,@rolandojuchuna484,1,1,1,1,24,24,0.07250755287009064,0.0,0.07250755287009064,0.00304321363359708,
autor::UCyor0Mmm0ivLX2jIdyGp84Q,1,1,0.05263157894736842,0.0,0.0038095238095238095,0.002194383313311013,,UCyor0Mmm0ivLX2jIdyGp84Q,@MiguelJordan-n3g,1,1,1,1,1,1,0.0030211480362537764,0.0,0.0030211480362537764,0.003043213633597079,
autor::UCpe5jW3MIqkgTJ-PgkzvM6Q,1,1,0.05263157894736842,0.0,0.17422779922779924,0.0015012876402744307,0.0006549010269817344,UCpe5jW3MIqkgTJ-PgkzvM6Q,@carloslam5333,1,1,1,1,48,48,0.14501510574018128,0.0,0.3553255369233154,0.002898162641229915,0.002218635774753296
autor::UCz3gu01bmjNv0DpRq-K3XYg,1,2,0.05263157894736842,0.0,0.22186561048893746,0.0021930837660868027,0.08853403253039874,UCz3gu01bmjNv0DpRq-K3XYg,@eusebiovasquez4385,2,1,1,1,127,127,0.38368580060422963,0.0,0.45422330067930783,0.003268711512314818,0.08835177314221061
autor::UCuXmOjxC-htcprLgeVXz6Tg,1,1,0.05263157894736842,0.0,0.17422779922779924,0.0015012876402744307,0.0006549010269817344,UCuXmOjxC-htcprLgeVXz6Tg,@jorgeaguilar-bq3uj,1,1,1,1,48,48,0.14501510574018128,0.0,0.3553255369233154,0.002898162641229915,0.0022186357747532907
autor::UCySYJU5kUh7X8gVt9la2ISA,1,1,0.05263157894736842,0.0,0.22186561048893746,0.0013102170967186151,0.04426701626519937,UCySYJU5kUh7X8gVt9la2ISA,@dantesarti4351,1,1,1,1,127,127,0.38368580060422963,0.0,0.45422330067930783,0.003268711512314818,0.08835177314221061
autor::UCHTGCgY2l-DQJIvlA_cpa_Q,2,3,0.10526315789473684,0.23158411788784283,0.25280112044817926,0.003039314373625415,0.08894761778621248,UCHTGCgY2l-DQJIvlA_cpa_Q,@virgiliogarcia3039,3,2,2,2,145,145,0.4380664652567976,0.23901858463791997,0.5169102267911581,0.005243132694827842,0.08846481571734056
autor::UCPNXmbOBVeC4HS-xemvcPtQ,1,1,0.05263157894736842,0.0,0.026448979591836733,0.0012806576023992745,,UCPNXmbOBVeC4HS-xemvcPtQ,@BelkisRodriguezRamirez,1,1,1,1,17,17,0.0513595166163142,0.0,0.0513595166163142,0.00304321363359708,
autor::UCtUR3_CAiE7fCoZHM6cMfyQ,1,1,0.05263157894736842,0.0,0.22186561048893746,0.0013102170967186151,0.04426701626519937,UCtUR3_CAiE7fCoZHM6cMfyQ,@mdelcid01,1,1,1,1,127,127,0.38368580060422963,0.0,0.45422330067930783,0.003268711512314818,0.0883517731422106
autor::UCGj2v6Gl5bN8NSrzJMXS-CA,1,1,0.05263157894736842,0.0,0.12227156405238597,0.0015691590271952158,1.5186531327581726e-06,UCGj2v6Gl5bN8NSrzJMXS-CA,@juliogutierrez492,1,1,1,1,5,5,0.015105740181268881,0.0,0.24834165243662154,0.0019964490731540488,6.203035382111327e-06
autor::UCbrtvygfRT6QXqWDNrOf-cA,2,2,0.10526315789473684,0.03229635693819075,0.17165046491969568,0.002453767737121778,0.00019030887934965606,UCbrtvygfRT6QXqWDNrOf-cA,@Alejandro00710,2,2,1,1,23,24,0.06948640483383686,0.03268332875583631,0.34881575609418597,0.004537389467839011,0.0007629599953763873
autor::UCOh6DaZC_x9HASnlRylEMfw,1,1,0.05263157894736842,0.0,0.22186561048893746,0.0013102170967186151,0.04426701626519937,UCOh6DaZC_x9HASnlRylEMfw,@AndresMedina-v1s,1,1,1,1,127,127,0.38368580060422963,0.0,0.45422330067930783,0.003268711512314818,0.08835177314221065
autor::UCL1MT278vSaQ83ZDkVWn1gw,1,1,0.05263157894736842,0.0,0.22186561048893746,0.0013102170967186151,0.04426701626519937,UCL1MT278vSaQ83ZDkVWn1gw,@elmorodriguez6978,1,1,1,1,127,127,0.38368580060422963,0.0,0.45422330067930783,0.003268711512314818,0.0883517731422106
autor::UC8G5cJONY8L9voMyBW8Eoug,1,1,0.05263157894736842,0.0,0.22186561048893746,0.0013102170967186151,0.04426701626519937,UC8G5cJONY8L9voMyBW8Eoug,@luisparedes-pw6qt,1,1,1,1,127,127,0.38368580060422963,0.0,0.45422330067930783,0.003268711512314818,0.08835177314221061
autor::UC7VUuJr9cGh845CmTvf7TlQ,1,1,0.05263157894736842,0.0,0.22186561048893746,0.0013102170967186151,0.04426701626519937,UC7VUuJr9cGh845CmTvf7TlQ,@LuisCastillo-oz4df,1,1,1,1,127,127,0.38368580060422963,0.0,0.45422330067930783,0.003268711512314818,0.08835177314221059
autor::UCFhxtoeARHPnXXPcDrOU3Xg,1,1,0.05263157894736842,0.0,0.22186561048893746,0.0013102170967186151,0.04426701626519937,UCFhxtoeARHPnXXPcDrOU3Xg,@diegoalejandrolopezmendez205,1,1,1,1,127,127,0.38368580060422963,0.0,0.45422330067930783,0.003268711512314818,0.0883517731422106
autor::UCAlzM_N6xBlMYmM8EBzX86Q,1,1,0.05263157894736842,0.0,0.22186561048893746,0.0013102170967186151,0.04426701626519937,UCAlzM_N6xBlMYmM8EBzX86Q,@carlossoto3252,1,1,1,1,127,127,0.38368580060422963,0.0,0.45422330067930783,0.003268711512314818,0.0883517731422106
autor::UClqA491Xa5fQcXcJJa-vTWw,1,1,0.05263157894736842,0.0,0.17422779922779924,0.0015012876402744307,0.0006549010269817344,UClqA491Xa5fQcXcJJa-vTWw,@AndresLemus-k2d,1,1,1,1,48,48,0.14501510574018128,0.0,0.3553255369233154,0.002898162641229915,0.002218635774753291
autor::UCvDwJBBY1mHK70aTEYl6rsA,1,1,0.05263157894736842,0.0,0.1326122448979592,0.0012314659094801788,2.7197538771321635e-06,UCvDwJBBY1mHK70aTEYl6rsA,@cristianescobedo8296,1,1,1,1,31,31,0.09365558912386707,0.0,0.2703838109369134,0.0031737991501789077,8.30608520958842e-06
autor::UCWWkebAekppaL5b5CNlppuw,1,1,0.05263157894736842,0.0,0.005142857142857143,0.0019761768014137345,,UCWWkebAekppaL5b5CNlppuw,@ninettmartinez425,1,1,1,1,2,2,0.006042296072507553,0.0,0.006042296072507553,0.003043213633597079,
autor::UCjmPuazZJzscrwvk0QR9RVw,1,1,0.05263157894736842,0.0,0.22186561048893746,0.0013102170967186151,0.04426701626519937,UCjmPuazZJzscrwvk0QR9RVw,@mynorrodas8591,1,1,1,1,127,127,0.38368580060422963,0.0,0.45422330067930783,0.003268711512314818,0.08835177314221064
autor::UCipetjeiWj4CZB6EbyYziZg,1,1,0.05263157894736842,0.0,0.22186561048893746,0.0013102170967186151,0.04426701626519937,UCipetjeiWj4CZB6EbyYziZg,@OseasSamayoa-ol5rz,1,1,1,1,127,127,0.38368580060422963,0.0,0.45422330067930783,0.003268711512314818,0.08835177314221064
autor::UCZIQnb1fkwe39Iw2TAu-bGA,1,1,0.05263157894736842,0.0,0.12227156405238597,0.0015691590271952158,1.5186531327581726e-06,UCZIQnb1fkwe39Iw2TAu-bGA,@jorgegomez2237,1,1,1,1,5,5,0.015105740181268881,0.0,0.24834165243662154,0.0019964490731540488,6.203035382120025e-06
autor::UCTP3O0rMnc8z8v8jaDQwL0w,1,1,0.05263157894736842,0.0,0.22186561048893746,0.0013102170967186151,0.04426701626519937,UCTP3O0rMnc8z8v8jaDQwL0w,@RobertoZelaya-x1v,1,1,1,1,127,127,0.38368580060422963,0.0,0.45422330067930783,0.003268711512314818,0.08835177314221063
autor::UCsUCN0Yq_UyTvKjOJLmNrnQ,2,2,0.10526315789473684,0.03186246418338109,0.22487541528239202,0.0024773446736437695,0.04444546096277512,UCsUCN0Yq_UyTvKjOJLmNrnQ,@moisesvaldez4043,2,2,2,1,133,133,0.40181268882175225,0.029552320790991488,0.4597068817740278,0.004680699718536437,0.08838571292971145
autor::UC3UVO7pTbeYvZ3ILEyRDskQ,1,1,0.05263157894736842,0.0,0.17422779922779924,0.0015012876402744307,0.0006549010269817344,UC3UVO7pTbeYvZ3ILEyRDskQ,@rosaelenaargueta79,1,1,1,1,48,48,0.14501510574018128,0.0,0.3553255369233154,0.002898162641229915,0.0022186357747532807
autor::UCuP4UK33HKtJE_S39ksmaTw,1,1,0.05263157894736842,0.0,0.170640756302521,0.0012735810348890398,0.00041358525581375614,UCuP4UK33HKtJE_S39ksmaTw,@herbertaguilar1387,1,1,1,1,18,18,0.054380664652567974,0.0,0.34828402475867654,0.002359046320435588,0.0008039764085493611
autor::UClsrFGJKWPxxw7MiaEdKLXw,1,1,0.05263157894736842,0.0,0.170640756302521,0.0012735810348890398,0.00041358525581375614,UClsrFGJKWPxxw7MiaEdKLXw,@ericapaz5406,1,1,1,1,18,18,0.054380664652567974,0.0,0.34828402475867654,0.002359046320435588,0.0008039764085493656
autor::UCg3eIfd7BrsLEqS0BLkftHA,1,3,0.05263157894736842,0.0,0.170640756302521,0.0029660422499662637,0.0012407557674412413,UCg3eIfd7BrsLEqS0BLkftHA,@ErmePérez-q4s,3,1,1,1,18,18,0.054380664652567974,0.0,0.34828402475867654,0.002359046320435588,0.0008039764085493702
autor::UCq3mDTTRZnUybct5M9OSXbg,1,1,0.05263157894736842,0.0,0.10232426303854876,0.0014900677837631298,1.1376327292194734e-08,UCq3mDTTRZnUybct5M9OSXbg,@MacoMorales-i2i2d,1,1,1,1,12,12,0.03625377643504532,0.0,0.20846197102344144,0.002548612704496669,7.16394638843344e-08
autor::UCGzXwyCzMzGmjmCbH3Hg01Q,1,1,0.05263157894736842,0.0,0.22186561048893746,0.0013102170967186151,0.04426701626519937,UCGzXwyCzMzGmjmCbH3Hg01Q,@FidelZacarias-ph7dy,1,1,1,1,127,127,0.38368580060422963,0.0,0.45422330067930783,0.003268711512314818,0.08835177314221063
autor::UC0HvfEWozTHbwl_iEmJNvVA,1,1,0.05263157894736842,0.0,0.1326122448979592,0.0012314659094801788,2.7197538771321635e-06,UC0HvfEWozTHbwl_iEmJNvVA,@OttoPalencia-b7r,1,1,1,1,31,31,0.09365558912386707,0.0,0.2703838109369134,0.0031737991501789077,8.306085209586677e-06
autor::UC14qlobYKqD-DO0j6b75lcA,1,1,0.05263157894736842,0.0,0.1326122448979592,0.0012314659094801788,2.7197538771321635e-06,UC14qlobYKqD-DO0j6b75lcA,@megavision4488,1,1,1,1,31,31,0.09365558912386707,0.0,0.2703838109369134,0.0031737991501789077,8.306085209575957e-06
autor::UCiGRBf2RNF0WRKhRVT7zFoA,1,1,0.05263157894736842,0.0,0.22186561048893746,0.0013102170967186151,0.04426701626519937,UCiGRBf2RNF0WRKhRVT7zFoA,@edwinavila4876,1,1,1,1,127,127,0.38368580060422963,0.0,0.45422330067930783,0.003268711512314818,0.08835177314221059
autor::UCa36MjQLoPAmgJo-R3G8WQA,1,1,0.05263157894736842,0.0,0.1326122448979592,0.0012314659094801788,2.7197538771321635e-06,UCa36MjQLoPAmgJo-R3G8WQA,@elsasalguero6914,1,1,1,1,31,31,0.09365558912386707,0.0,0.2703838109369134,0.0031737991501789077,8.306085209584776e-06
autor::UC3YpzAr7pcdKC7BVFEpYzog,1,1,0.05263157894736842,0.0,0.1326122448979592,0.0012314659094801788,2.7197538771321635e-06,UC3YpzAr7pcdKC7BVFEpYzog,@carmenfigueroa1232,1,1,1,1,31,31,0.09365558912386707,0.0,0.2703838109369134,0.0031737991501789077,8.3060852095875e-06
autor::UCQqlPPUGqAfWjd-FSh_qn7Q,1,1,0.05263157894736842,0.0,0.17422779922779924,0.0015012876402744307,0.0006549010269817344,UCQqlPPUGqAfWjd-FSh_qn7Q,@estuardoargueta137,1,1,1,1,48,48,0.14501510574018128,0.0,0.3553255369233154,0.002898162641229915,0.0022186357747532915
autor::UC8r11yOugM2NuRfitQOxLLg,1,1,0.05263157894736842,0.0,0.22186561048893746,0.0013102170967186151,0.04426701626519937,UC8r11yOugM2NuRfitQOxLLg,@cesaraugustomoralesmonroy6907,1,1,1,1,127,127,0.38368580060422963,0.0,0.45422330067930783,0.003268711512314818,0.08835177314221063
autor::UCusjriFsDHEc2AOjqk-p5ig,1,1,0.05263157894736842,0.0,0.170640756302521,0.0012735810348890398,0.00041358525581375614,UCusjriFsDHEc2AOjqk-p5ig,@pablobarrios7931,1,1,1,1,18,18,0.054380664652567974,0.0,0.34828402475867654,0.002359046320435588,0.0008039764085493566
autor::UC5fvhAfm89JH8eDFdvc0xYw,1,1,0.05263157894736842,0.0,0.03644314868804665,0.0015921333404745244,,UC5fvhAfm89JH8eDFdvc0xYw,@isaidiaz2388,1,1,1,1,24,24,0.07250755287009064,0.0,0.07250755287009064,0.00304321363359708,
autor::UCAV7QIjYhbDJaycQycM_0eQ,1,1,0.05263157894736842,0.0,0.170640756302521,0.0012735810348890398,0.00041358525581375614,UCAV7QIjYhbDJaycQycM_0eQ,@mariavail8998,1,1,1,1,18,18,0.054380664652567974,0.0,0.34828402475867654,0.002359046320435588,0.0008039764085493725
autor::UC3E9mAgP7VoAE5mZoAexl5g,1,1,0.05263157894736842,0.0,0.22186561048893746,0.0013102170967186151,0.04426701626519937,UC3E9mAgP7VoAE5mZoAexl5g,@EnnioAroche,1,1,1,1,127,127,0.38368580060422963,0.0,0.45422330067930783,0.003268711512314818,0.08835177314221061
autor::UCB5p8a5gklc80jJItP6xTHg,1,1,0.05263157894736842,0.0,0.22186561048893746,0.0013102170967186151,0.04426701626519937,UCB5p8a5gklc80jJItP6xTHg,@ernestogamboa8737,1,1,1,1,127,127,0.38368580060422963,0.0,0.45422330067930783,0.003268711512314818,0.08835177314221061
autor::UC1NiEdJ7gk6FlDexIalWnGg,1,1,0.05263157894736842,0.0,0.1326122448979592,0.0012314659094801788,2.7197538771321635e-06,UC1NiEdJ7gk6FlDexIalWnGg,@BorisTebalán,1,1,1,1,31,31,0.09365558912386707,0.0,0.2703838109369134,0.0031737991501789077,8.306085209579123e-06
autor::UCdQAuWwyC99MB7Y02Umj26Q,1,1,0.05263157894736842,0.0,0.12357371063441351,0.0015133016567510666,2.364779232623833e-06,UCdQAuWwyC99MB7Y02Umj26Q,@miguelbran1268,1,1,1,1,15,15,0.045317220543806644,0.0,0.2510706815842767,0.0030386509494715547,1.3383075355533108e-05
autor::UCtowGNY2lnlg6O2CkwDgkLg,1,1,0.05263157894736842,0.0,0.0065306122448979586,0.0018670735454650957,,UCtowGNY2lnlg6O2CkwDgkLg,@taniagabrielacelis8434,1,1,1,1,3,3,0.00906344410876133,0.0,0.00906344410876133,0.0030432136335970775,
autor::UCp_dAUfv8i3LW3zWc24dLaQ,1,1,0.05263157894736842,0.0,0.026448979591836733,0.0012806576023992745,,UCp_dAUfv8i3LW3zWc24dLaQ,@MarioCortez-o6v,1,1,1,1,17,17,0.0513595166163142,0.0,0.0513595166163142,0.00304321363359708,
autor::UC_NRVt2UP88ZNTwzrZ66JSg,1,1,0.05263157894736842,0.0,0.002857142857142857,0.002849002849002849,,UC_NRVt2UP88ZNTwzrZ66JSg,@aditalissethevasquezrojas8039,1,1,1,1,0,0,0.0,0.0,0.0,0.00045648204503956184,
autor::UCylqlpsh8ENNM1LqgQ1KbxA,2,3,0.10526315789473684,0.08915268112975851,0.24793956043956042,0.003458091522566622,0.04557681831916283,UCylqlpsh8ENNM1LqgQ1KbxA,@Jel.Awesh.M,3,2,1,1,174,175,0.525679758308157,0.09364643412981781,0.5077207116482041,0.005727961087341258,0.08986851184198351
autor::UCRvPToDkkumha7WJAfCDk1A,1,1,0.05263157894736842,0.0,0.17422779922779924,0.0015012876402744307,0.0006549010269817344,UCRvPToDkkumha7WJAfCDk1A,@ligiaguerra3057,1,1,1,1,48,48,0.14501510574018128,0.0,0.3553255369233154,0.002898162641229915,0.002218635774753298
autor::UCPZueDLrCS4BmTBRMA4q0fA,1,1,0.05263157894736842,0.0,0.170640756302521,0.0012735810348890398,0.00041358525581375614,UCPZueDLrCS4BmTBRMA4q0fA,@kevinochoa3695,1,1,1,1,18,18,0.054380664652567974,0.0,0.34828402475867654,0.002359046320435588,0.0008039764085493711
autor::UCHMQ_lDhibZ-XZ_3fo6oxwg,1,1,0.05263157894736842,0.0,0.03644314868804665,0.0015921333404745244,,UCHMQ_lDhibZ-XZ_3fo6oxwg,@crislexrubi4387,1,1,1,1,24,24,0.07250755287009064,0.0,0.07250755287009064,0.00304321363359708,
autor::UC7dadZG7kkGYnsNu6td0FbA,1,1,0.05263157894736842,0.0,0.17422779922779924,0.0015012876402744307,0.0006549010269817344,UC7dadZG7kkGYnsNu6td0FbA,@lesolorzano,1,1,1,1,48,48,0.14501510574018128,0.0,0.3553255369233154,0.002898162641229915,0.0022186357747532902
autor::UCrJn_rbo_ENAdeqneS-RmRw,1,2,0.05263157894736842,0.0,0.22186561048893746,0.0021930837660868027,0.08853403253039874,UCrJn_rbo_ENAdeqneS-RmRw,@josecarrera9623,2,1,1,1,127,127,0.38368580060422963,0.0,0.45422330067930783,0.003268711512314818,0.08835177314221061
autor::UCFFrEmn6lPYiWyElpfzTy5Q,1,1,0.05263157894736842,0.0,0.12383747522488185,0.0016244245455000737,2.6399704692316233e-06,UCFFrEmn6lPYiWyElpfzTy5Q,@denilsonlopez4083,1,1,1,1,6,6,0.01812688821752266,0.0,0.2521791614146709,0.001806375196548455,1.818706955608741e-05
autor::UCNiMNUJvaRJb0_QLClqwVnA,1,1,0.05263157894736842,0.0,0.0065306122448979586,0.0018670735454650957,,UCNiMNUJvaRJb0_QLClqwVnA,@Santiago.Nolasco,1,1,1,1,3,3,0.00906344410876133,0.0,0.00906344410876133,0.0030432136335970775,
autor::UCs_5qeqdku9tGAq22y3OcuQ,1,1,0.05263157894736842,0.0,0.03644314868804665,0.0015921333404745244,,UCs_5qeqdku9tGAq22y3OcuQ,@alexandrevasquez4135,1,1,1,1,24,24,0.07250755287009064,0.0,0.07250755287009064,0.00304321363359708,
autor::UCCBYcToQ2dwkd6TJh0FSyDg,1,1,0.05263157894736842,0.0,0.17422779922779924,0.0015012876402744307,0.0006549010269817344,UCCBYcToQ2dwkd6TJh0FSyDg,@lidiarodriguez3493,1,1,1,1,48,48,0.14501510574018128,0.0,0.3553255369233154,0.002898162641229915,0.0022186357747532807
autor::UCxcoDvP-g2_KTZDmVZtvb3w,1,1,0.05263157894736842,0.0,0.12357371063441351,0.0015133016567510666,2.364779232623833e-06,UCxcoDvP-g2_KTZDmVZtvb3w,@angelmartinez9523,1,1,1,1,15,15,0.045317220543806644,0.0,0.2510706815842767,0.0030386509494715547,1.3383075355518856e-05
autor::UCW-JC6lebVmf2P1dmY_L94g,1,1,0.05263157894736842,0.0,0.17422779922779924,0.0015012876402744307,0.0006549010269817344,UCW-JC6lebVmf2P1dmY_L94g,@dinoraoroxon5771,1,1,1,1,48,48,0.14501510574018128,0.0,0.3553255369233154,0.002898162641229915,0.002218635774753287
autor::UCgJNFj5dnxXpcMvmuhZDPxA,1,1,0.05263157894736842,0.0,0.17422779922779924,0.0015012876402744307,0.0006549010269817344,UCgJNFj5dnxXpcMvmuhZDPxA,@NataliaRodriguez-rx5mr,1,1,1,1,48,48,0.14501510574018128,0.0,0.3553255369233154,0.002898162641229915,0.002218635774753288
autor::UCFoIAE8k82D6AV-8gjjKaNg,1,1,0.05263157894736842,0.0,0.22186561048893746,0.0013102170967186151,0.04426701626519937,UCFoIAE8k82D6AV-8gjjKaNg,@eddymunoz9789,1,1,1,1,127,127,0.38368580060422963,0.0,0.45422330067930783,0.003268711512314818,0.08835177314221064
autor::UCe8JZoYkX5oKUZyivHYdXhw,1,1,0.05263157894736842,0.0,0.17422779922779924,0.0015012876402744307,0.0006549010269817344,UCe8JZoYkX5oKUZyivHYdXhw,@FernandoGarcia-jg1fj,1,1,1,1,48,48,0.14501510574018128,0.0,0.3553255369233154,0.002898162641229915,0.0022186357747532902
autor::UCnU8wO1OurAmGstDw6VGjgQ,1,1,0.05263157894736842,0.0,0.16792433326442008,0.001367816507721139,0.00018794410011703963,UCnU8wO1OurAmGstDw6VGjgQ,@cmorera21,1,1,1,1,9,9,0.027190332326283987,0.0,0.34151617375439736,0.0019228331088015492,0.0007555358413171549
autor::UCf5lnNZF7Qrtli9v4N_23WQ,1,1,0.05263157894736842,0.0,0.170640756302521,0.0012735810348890398,0.00041358525581375614,UCf5lnNZF7Qrtli9v4N_23WQ,@CarlosCortez-v5r,1,1,1,1,18,18,0.054380664652567974,0.0,0.34828402475867654,0.002359046320435588,0.0008039764085493675
autor::UCW80DaMjQlEUibC98Cot-Dg,1,1,0.05263157894736842,0.0,0.17422779922779924,0.0015012876402744307,0.0006549010269817344,UCW80DaMjQlEUibC98Cot-Dg,@rogeraldana4289,1,1,1,1,48,48,0.14501510574018128,0.0,0.3553255369233154,0.002898162641229915,0.002218635774753277
autor::UCDrmf9y9nLgFY5wnA2hTuGA,1,1,0.05263157894736842,0.0,0.17422779922779924,0.0015012876402744307,0.0006549010269817344,UCDrmf9y9nLgFY5wnA2hTuGA,@laboratorio5528,1,1,1,1,48,48,0.14501510574018128,0.0,0.3553255369233154,0.002898162641229915,0.0022186357747532755
autor::UCTD6q1nyIe3Y7HhqjaMj72w,1,1,0.05263157894736842,0.0,0.22186561048893746,0.0013102170967186151,0.04426701626519937,UCTD6q1nyIe3Y7HhqjaMj72w,@JuanChang-r6k,1,1,1,1,127,127,0.38368580060422963,0.0,0.45422330067930783,0.003268711512314818,0.08835177314221061
autor::UC0aEyakBPqcBkVJiErfSupQ,1,1,0.05263157894736842,0.0,0.03644314868804665,0.0015921333404745244,,UC0aEyakBPqcBkVJiErfSupQ,@jhonymanuel9891,1,1,1,1,24,24,0.07250755287009064,0.0,0.07250755287009064,0.00304321363359708,
autor::UC650pRT-OYzny3GwOH8Cgfw,1,1,0.05263157894736842,0.0,0.22186561048893746,0.0013102170967186151,0.04426701626519937,UC650pRT-OYzny3GwOH8Cgfw,@edvinparedesherrera7632,1,1,1,1,127,127,0.38368580060422963,0.0,0.45422330067930783,0.003268711512314818,0.08835177314221061
autor::UCWoAVGVqCn4xtINCMOTM4jg,1,1,0.05263157894736842,0.0,0.17422779922779924,0.0015012876402744307,0.0006549010269817344,UCWoAVGVqCn4xtINCMOTM4jg,@OmarMartinez-vv8re,1,1,1,1,48,48,0.14501510574018128,0.0,0.3553255369233154,0.002898162641229915,0.0022186357747532894
autor::UCDPWkUX3sNNaCx-m1dV4glA,1,1,0.05263157894736842,0.0,0.22186561048893746,0.0013102170967186151,0.04426701626519937,UCDPWkUX3sNNaCx-m1dV4glA,@hectoroliva949,1,1,1,1,127,127,0.38368580060422963,0.0,0.45422330067930783,0.003268711512314818,0.08835177314221061
autor::UCsGoJEvb-cFPZ2rWoJcXzEQ,1,1,0.05263157894736842,0.0,0.17422779922779924,0.0015012876402744307,0.0006549010269817344,UCsGoJEvb-cFPZ2rWoJcXzEQ,@sergiohinestroza9709,1,1,1,1,48,48,0.14501510574018128,0.0,0.3553255369233154,0.002898162641229915,0.002218635774753283
autor::UCXXh7yg5KUFIWylTiKVEFKQ,1,2,0.05263157894736842,0.0,0.22186561048893746,0.0021930837660868027,0.08853403253039874,UCXXh7yg5KUFIWylTiKVEFKQ,@MrDuenderojo,2,1,1,1,127,127,0.38368580060422963,0.0,0.45422330067930783,0.003268711512314818,0.08835177314221061
autor::UCfM3nrxtTQMY5jFx1v1J4Gg,1,1,0.05263157894736842,0.0,0.22186561048893746,0.0013102170967186151,0.04426701626519937,UCfM3nrxtTQMY5jFx1v1J4Gg,@edgarroldan5539,1,1,1,1,127,127,0.38368580060422963,0.0,0.45422330067930783,0.003268711512314818,0.0883517731422106
autor::UCp4iw5_5SmV9VGTFSNVGOmQ,1,1,0.05263157894736842,0.0,0.22186561048893746,0.0013102170967186151,0.04426701626519937,UCp4iw5_5SmV9VGTFSNVGOmQ,@CARLOSSTREMS51,1,1,1,1,127,127,0.38368580060422963,0.0,0.45422330067930783,0.003268711512314818,0.0883517731422106
autor::UCIp19h9igblA2YKfSLPDAug,1,1,0.05263157894736842,0.0,0.03644314868804665,0.0015921333404745244,,UCIp19h9igblA2YKfSLPDAug,@JoseReyes-rn6sh,1,1,1,1,24,24,0.07250755287009064,0.0,0.07250755287009064,0.00304321363359708,
autor::UCwha8rxULYMVtNwZWeSkE1A,1,1,0.05263157894736842,0.0,0.22186561048893746,0.0013102170967186151,0.04426701626519937,UCwha8rxULYMVtNwZWeSkE1A,@mariasamo8637,1,1,1,1,127,127,0.38368580060422963,0.0,0.45422330067930783,0.003268711512314818,0.08835177314221061
autor::UCHbwIx9pmQuf7i-4_xO2EpA,1,1,0.05263157894736842,0.0,0.17422779922779924,0.0015012876402744307,0.0006549010269817344,UCHbwIx9pmQuf7i-4_xO2EpA,@caminoseternos752,1,1,1,1,48,48,0.14501510574018128,0.0,0.3553255369233154,0.002898162641229915,0.0022186357747532885
autor::UCu8_3-Wg-YzNyvHYQDEscfw,1,1,0.05263157894736842,0.0,0.17422779922779924,0.0015012876402744307,0.0006549010269817344,UCu8_3-Wg-YzNyvHYQDEscfw,@RolandoCastroPérez-d7y,1,1,1,1,48,48,0.14501510574018128,0.0,0.3553255369233154,0.002898162641229915,0.0022186357747532924
autor::UCIgoiXdIKJyUGmUoH2Lxdzg,1,1,0.05263157894736842,0.0,0.026448979591836733,0.0012806576023992745,,UCIgoiXdIKJyUGmUoH2Lxdzg,@susievidal4134,1,1,1,1,17,17,0.0513595166163142,0.0,0.0513595166163142,0.00304321363359708,
autor::UCXN2s7DwTJm33xO-pNkAdaA,1,1,0.05263157894736842,0.0,0.10232426303854876,0.0014900677837631298,1.1376327292194734e-08,UCXN2s7DwTJm33xO-pNkAdaA,@edithsan7688,1,1,1,1,12,12,0.03625377643504532,0.0,0.20846197102344144,0.002548612704496669,7.16394638862349e-08
autor::UCgLrWFdYitoP-b7-PxtUr-w,1,1,0.05263157894736842,0.0,0.03644314868804665,0.0015921333404745244,,UCgLrWFdYitoP-b7-PxtUr-w,@zetag,1,1,1,1,24,24,0.07250755287009064,0.0,0.07250755287009064,0.00304321363359708,
autor::UCAKuKvcbfnBD3kF5njNu-IA,1,1,0.05263157894736842,0.0,0.17422779922779924,0.0015012876402744307,0.0006549010269817344,UCAKuKvcbfnBD3kF5njNu-IA,@melvinlopez7096,1,1,1,1,48,48,0.14501510574018128,0.0,0.3553255369233154,0.002898162641229915,0.00221863577475328
autor::UCFxE8GbokBrBsPEKM1xrOjQ,1,1,0.05263157894736842,0.0,0.22186561048893746,0.0013102170967186151,0.04426701626519937,UCFxE8GbokBrBsPEKM1xrOjQ,@JuanDavila-qd7qj,1,1,1,1,127,127,0.38368580060422963,0.0,0.45422330067930783,0.003268711512314818,0.08835177314221063
autor::UCk4O-J1BhoqPmig1KLGJePA,1,1,0.05263157894736842,0.0,0.12383747522488185,0.0016244245455000737,2.6399704692316233e-06,UCk4O-J1BhoqPmig1KLGJePA,@lazarobarillas3575,1,1,1,1,6,6,0.01812688821752266,0.0,0.2521791614146709,0.001806375196548455,1.8187069556087415e-05
autor::UCUoYsrx1oZnCZ0usbBJn4fA,1,1,0.05263157894736842,0.0,0.17422779922779924,0.0015012876402744307,0.0006549010269817344,UCUoYsrx1oZnCZ0usbBJn4fA,@AnaDiaz-re9sq,1,1,1,1,48,48,0.14501510574018128,0.0,0.3553255369233154,0.002898162641229915,0.002218635774753289
autor::UCHu8x4MVkayU6VgwVKd--MQ,1,1,0.05263157894736842,0.0,0.14614069809283917,0.001594478004275582,0.0001784446975757659,UCHu8x4MVkayU6VgwVKd--MQ,@Hernandez-i1o,1,1,1,1,6,6,0.01812688821752266,0.0,0.29826934757401025,0.0016697553162696441,0.0007242558070261393
autor::UC-jS_kA9w-OmpupXDx156Rg,1,1,0.05263157894736842,0.0,0.22186561048893746,0.0013102170967186151,0.04426701626519937,UC-jS_kA9w-OmpupXDx156Rg,@simoncreyesc7579,1,1,1,1,127,127,0.38368580060422963,0.0,0.45422330067930783,0.003268711512314818,0.08835177314221064
autor::UChT7pzGytNd92Nmvi-zuWog,1,1,0.05263157894736842,0.0,0.12357371063441351,0.0015133016567510666,2.364779232623833e-06,UChT7pzGytNd92Nmvi-zuWog,@sparkvalkov,1,1,1,1,15,15,0.045317220543806644,0.0,0.2510706815842767,0.0030386509494715547,1.3383075355529297e-05
autor::UChZknRmJkeGeQk0-mQuhDOg,1,1,0.05263157894736842,0.0,0.22186561048893746,0.0013102170967186151,0.04426701626519937,UChZknRmJkeGeQk0-mQuhDOg,@OdilioRodríguez-c5w,1,1,1,1,127,127,0.38368580060422963,0.0,0.45422330067930783,0.003268711512314818,0.0883517731422106
autor::UCOARn3hnfkB7-_Rwa8Hoqcw,1,1,0.05263157894736842,0.0,0.12227156405238597,0.0015691590271952158,1.5186531327581726e-06,UCOARn3hnfkB7-_Rwa8Hoqcw,@nicelol5241,1,1,1,1,5,5,0.015105740181268881,0.0,0.24834165243662154,0.0019964490731540488,6.2030353821077235e-06
autor::UC9Wp6vL5oCU37qC3Aj94WZA,1,1,0.05263157894736842,0.0,0.14614069809283917,0.001594478004275582,0.0001784446975757659,UC9Wp6vL5oCU37qC3Aj94WZA,@ManuelSanchez-b8q2z,1,1,1,1,6,6,0.01812688821752266,0.0,0.29826934757401025,0.0016697553162696441,0.0007242558070261365
autor::UCIXLDYqR_syskKRJy_x9W9Q,1,1,0.05263157894736842,0.0,0.10232426303854876,0.0014900677837631298,1.1376327292194734e-08,UCIXLDYqR_syskKRJy_x9W9Q,@carlitosramirez4739,1,1,1,1,12,12,0.03625377643504532,0.0,0.20846197102344144,0.002548612704496669,7.163946388494841e-08
autor::UCYN4wSQ1Sx4_LurxLlW7MPg,1,1,0.05263157894736842,0.0,0.22186561048893746,0.0013102170967186151,0.04426701626519937,UCYN4wSQ1Sx4_LurxLlW7MPg,@belarminavillatoro6474,1,1,1,1,127,127,0.38368580060422963,0.0,0.45422330067930783,0.003268711512314818,0.08835177314221061
autor::UCTTILH6QCIxbTnEWxwRqs1g,1,1,0.05263157894736842,0.0,0.12357371063441351,0.0015133016567510666,2.364779232623833e-06,UCTTILH6QCIxbTnEWxwRqs1g,@3762Jorge,1,1,1,1,15,15,0.045317220543806644,0.0,0.2510706815842767,0.0030386509494715547,1.3383075355535212e-05
autor::UC5bG9nc_JV3FsNP2KseQiYw,1,1,0.05263157894736842,0.0,0.22186561048893746,0.0013102170967186151,0.04426701626519937,UC5bG9nc_JV3FsNP2KseQiYw,@giovannirodas4836,1,1,1,1,127,127,0.38368580060422963,0.0,0.45422330067930783,0.003268711512314818,0.08835177314221063
autor::UCKDR0f2fu2UzWL8mBv5-BHw,1,1,0.05263157894736842,0.0,0.22186561048893746,0.0013102170967186151,0.04426701626519937,UCKDR0f2fu2UzWL8mBv5-BHw,@mireyamorales6595,1,1,1,1,127,127,0.38368580060422963,0.0,0.45422330067930783,0.003268711512314818,0.08835177314221057
autor::UCbYoNG5J3Au5BqtbXogfEFw,1,1,0.05263157894736842,0.0,0.170640756302521,0.0012735810348890398,0.00041358525581375614,UCbYoNG5J3Au5BqtbXogfEFw,@Luis-gn3fj,1,1,1,1,18,18,0.054380664652567974,0.0,0.34828402475867654,0.002359046320435588,0.0008039764085493649
autor::UCl0ekS9Tt0jJGtOEM18S63w,1,1,0.05263157894736842,0.0,0.22186561048893746,0.0013102170967186151,0.04426701626519937,UCl0ekS9Tt0jJGtOEM18S63w,@monkchapin,1,1,1,1,127,127,0.38368580060422963,0.0,0.45422330067930783,0.003268711512314818,0.08835177314221061
autor::UCVQf0tzL7xRzFJsABVVULpg,1,1,0.05263157894736842,0.0,0.170640756302521,0.0012735810348890398,0.00041358525581375614,UCVQf0tzL7xRzFJsABVVULpg,@DennisseLopetegi,1,1,1,1,18,18,0.054380664652567974,0.0,0.34828402475867654,0.002359046320435588,0.0008039764085493707
autor::UCsSXdJct-nsS8DsABoEsaYA,1,1,0.05263157894736842,0.0,0.22186561048893746,0.0013102170967186151,0.04426701626519937,UCsSXdJct-nsS8DsABoEsaYA,@IvánPérez-j4j,1,1,1,1,127,127,0.38368580060422963,0.0,0.45422330067930783,0.003268711512314818,0.08835177314221063
autor::UC9xr9QvIcDvoZNUX5f-jaZw,1,1,0.05263157894736842,0.0,0.22186561048893746,0.0013102170967186151,0.04426701626519937,UC9xr9QvIcDvoZNUX5f-jaZw,@MariaaliciaColonmorales,1,1,1,1,127,127,0.38368580060422963,0.0,0.45422330067930783,0.003268711512314818,0.08835177314221063
autor::UCpl8rF8uv_8uui-QRvuJaRA,1,1,0.05263157894736842,0.0,0.22186561048893746,0.0013102170967186151,0.04426701626519937,UCpl8rF8uv_8uui-QRvuJaRA,@SergioGarcia-z9c,1,1,1,1,127,127,0.38368580060422963,0.0,0.45422330067930783,0.003268711512314818,0.0883517731422106
autor::UClhMWQ7XKWywYvbRnuf8QsA,1,1,0.05263157894736842,0.0,0.17422779922779924,0.0015012876402744307,0.0006549010269817344,UClhMWQ7XKWywYvbRnuf8QsA,@EcPerez-zz9oh,1,1,1,1,48,48,0.14501510574018128,0.0,0.3553255369233154,0.002898162641229915,0.0022186357747532716
autor::UC4kg7zuTfqQKLd2bkZrSYBA,1,1,0.05263157894736842,0.0,0.12383747522488185,0.0016244245455000737,2.6399704692316233e-06,UC4kg7zuTfqQKLd2bkZrSYBA,@zoilagarcia9019,1,1,1,1,6,6,0.01812688821752266,0.0,0.2521791614146709,0.001806375196548455,1.8187069556086917e-05
autor::UCbNanjFI51cwGqMAb2rOrBw,1,1,0.05263157894736842,0.0,0.026448979591836733,0.0012806576023992745,,UCbNanjFI51cwGqMAb2rOrBw,@RosaMontesdeOca777,1,1,1,1,17,17,0.0513595166163142,0.0,0.0513595166163142,0.00304321363359708,
autor::UC2weSE8rpqkGMOp6StYtVfg,1,1,0.05263157894736842,0.0,0.22186561048893746,0.0013102170967186151,0.04426701626519937,UC2weSE8rpqkGMOp6StYtVfg,@katerynsantiago2907,1,1,1,1,127,127,0.38368580060422963,0.0,0.45422330067930783,0.003268711512314818,0.08835177314221063
autor::UCyzf29IYjNw67gGIfsjgtxA,1,1,0.05263157894736842,0.0,0.03644314868804665,0.0015921333404745244,,UCyzf29IYjNw67gGIfsjgtxA,@carlosoliva9249,1,1,1,1,24,24,0.07250755287009064,0.0,0.07250755287009064,0.00304321363359708,
autor::UCaT6M2zp7X6r6Whd8Vv3kHQ,1,1,0.05263157894736842,0.0,0.03644314868804665,0.0015921333404745244,,UCaT6M2zp7X6r6Whd8Vv3kHQ,@alexarcos8349,1,1,1,1,24,24,0.07250755287009064,0.0,0.07250755287009064,0.00304321363359708,
autor::UC3NMzdMYryaw82kPTnsaljg,1,1,0.05263157894736842,0.0,0.22186561048893746,0.0013102170967186151,0.04426701626519937,UC3NMzdMYryaw82kPTnsaljg,@marisosa7832,1,1,1,1,127,127,0.38368580060422963,0.0,0.45422330067930783,0.003268711512314818,0.0883517731422106
autor::UCSou6a2OuYGSvPjm5psquyA,1,1,0.05263157894736842,0.0,0.22186561048893746,0.0013102170967186151,0.04426701626519937,UCSou6a2OuYGSvPjm5psquyA,@FranciscoRivera-sf7ne,1,1,1,1,127,127,0.38368580060422963,0.0,0.45422330067930783,0.003268711512314818,0.08835177314221063
autor::UCtNyHmRZtvGF2hSvI2dUBWw,1,2,0.05263157894736842,0.0,0.170640756302521,0.002119811642427652,0.0008271705116275123,UCtNyHmRZtvGF2hSvI2dUBWw,@aureliomaldonado4793,2,1,1,1,18,18,0.054380664652567974,0.0,0.34828402475867654,0.002359046320435588,0.0008039764085493672
autor::UCGqKxQS-z3NZzZF-2w338AA,1,1,0.05263157894736842,0.0,0.03644314868804665,0.0015921333404745244,,UCGqKxQS-z3NZzZF-2w338AA,@samuelaguilar529,1,1,1,1,24,24,0.07250755287009064,0.0,0.07250755287009064,0.00304321363359708,
autor::UCXO1BBohNWXkK9SBDAG2ySg,1,1,0.05263157894736842,0.0,0.12357371063441351,0.0015133016567510666,2.364779232623833e-06,UCXO1BBohNWXkK9SBDAG2ySg,@JBFlute92,1,1,1,1,15,15,0.045317220543806644,0.0,0.2510706815842767,0.0030386509494715547,1.3383075355524889e-05
autor::UChyps3dqY-VY1_wLeq-2lhw,1,1,0.05263157894736842,0.0,0.1326122448979592,0.0012314659094801788,2.7197538771321635e-06,UChyps3dqY-VY1_wLeq-2lhw,@maydamorales4395,1,1,1,1,31,31,0.09365558912386707,0.0,0.2703838109369134,0.0031737991501789077,8.306085209579743e-06
autor::UCXgr7vXlRrsaskPdo097kGA,1,1,0.05263157894736842,0.0,0.22186561048893746,0.0013102170967186151,0.04426701626519937,UCXgr7vXlRrsaskPdo097kGA,@Rogergh-nw4oj,1,1,1,1,127,127,0.38368580060422963,0.0,0.45422330067930783,0.003268711512314818,0.0883517731422106
autor::UC4cXueR2bKGFJV0Fk76gwmA,1,1,0.05263157894736842,0.0,0.22186561048893746,0.0013102170967186151,0.04426701626519937,UC4cXueR2bKGFJV0Fk76gwmA,@aluxdel4792,1,1,1,1,127,127,0.38368580060422963,0.0,0.45422330067930783,0.003268711512314818,0.0883517731422106
autor::UCmvOgzmmXbjUthHy-WJ52hQ,1,1,0.05263157894736842,0.0,0.22186561048893746,0.0013102170967186151,0.04426701626519937,UCmvOgzmmXbjUthHy-WJ52hQ,@mariorodas593,1,1,1,1,127,127,0.38368580060422963,0.0,0.45422330067930783,0.003268711512314818,0.08835177314221061
autor::UC6xI_MOaxajIWpoP8BH6E_Q,1,1,0.05263157894736842,0.0,0.002857142857142857,0.002849002849002849,,UC6xI_MOaxajIWpoP8BH6E_Q,@jahirdiaz5862,1,1,1,1,0,0,0.0,0.0,0.0,0.00045648204503956184,
autor::UCtMBF_1O2jY2INlb_luuB_A,1,1,0.05263157894736842,0.0,0.03644314868804665,0.0015921333404745244,,UCtMBF_1O2jY2INlb_luuB_A,@mynorgudiel8646,1,1,1,1,24,24,0.07250755287009064,0.0,0.07250755287009064,0.00304321363359708,
autor::UCrqXyRsg-_hTosURZ-uvoKg,1,1,0.05263157894736842,0.0,0.026448979591836733,0.0012806576023992745,,UCrqXyRsg-_hTosURZ-uvoKg,@flornolberto2425,1,1,1,1,17,17,0.0513595166163142,0.0,0.0513595166163142,0.00304321363359708,
autor::UCGZMgmM92E3njyXNe9-kjAQ,1,1,0.05263157894736842,0.0,0.026448979591836733,0.0012806576023992745,,UCGZMgmM92E3njyXNe9-kjAQ,@pasionpornada,1,1,1,1,17,17,0.0513595166163142,0.0,0.0513595166163142,0.00304321363359708,
autor::UCOY3XpD9qMCRSA8AA8c4CAw,1,1,0.05263157894736842,0.0,0.12357371063441351,0.0015133016567510666,2.364779232623833e-06,UCOY3XpD9qMCRSA8AA8c4CAw,@franciscorodas9686,1,1,1,1,15,15,0.045317220543806644,0.0,0.2510706815842767,0.0030386509494715547,1.338307535552847e-05
autor::UCfRqgt2O-vjzUDMZY_tnxQw,1,1,0.05263157894736842,0.0,0.12383747522488185,0.0016244245455000737,2.6399704692316233e-06,UCfRqgt2O-vjzUDMZY_tnxQw,@Williams-Garcia67E,1,1,1,1,6,6,0.01812688821752266,0.0,0.2521791614146709,0.001806375196548455,1.818706955608769e-05
autor::UCjJf-AJKRFFWtiN-CSwkDmA,1,1,0.05263157894736842,0.0,0.16792433326442008,0.001367816507721139,0.00018794410011703963,UCjJf-AJKRFFWtiN-CSwkDmA,@2jose82,1,1,1,1,9,9,0.027190332326283987,0.0,0.34151617375439736,0.0019228331088015492,0.0007555358413171521
autor::UCBtB5dIyx-C16UN8ClUD2UA,1,1,0.05263157894736842,0.0,0.12383747522488185,0.0016244245455000737,2.6399704692316233e-06,UCBtB5dIyx-C16UN8ClUD2UA,@alexmonzon4257,1,1,1,1,6,6,0.01812688821752266,0.0,0.2521791614146709,0.001806375196548455,1.8187069556086247e-05
autor::UCDUffaruH6dyUnUGwsTKpgg,1,1,0.05263157894736842,0.0,0.22186561048893746,0.0013102170967186151,0.04426701626519937,UCDUffaruH6dyUnUGwsTKpgg,@luisletona2842,1,1,1,1,127,127,0.38368580060422963,0.0,0.45422330067930783,0.003268711512314818,0.08835177314221064
autor::UCgGqw4aqMdMVSGkKiMgrJRQ,1,1,0.05263157894736842,0.0,0.1326122448979592,0.0012314659094801788,2.7197538771321635e-06,UCgGqw4aqMdMVSGkKiMgrJRQ,@pattyfigueroa5609,1,1,1,1,31,31,0.09365558912386707,0.0,0.2703838109369134,0.0031737991501789077,8.306085209578886e-06
autor::UC32oozucwCF3q8d4m8fyOUg,1,1,0.05263157894736842,0.0,0.17422779922779924,0.0015012876402744307,0.0006549010269817344,UC32oozucwCF3q8d4m8fyOUg,@RauldejesusOlivagonzalez,1,1,1,1,48,48,0.14501510574018128,0.0,0.3553255369233154,0.002898162641229915,0.0022186357747532993
autor::UCvApqeCbLod-wejtT4CcVuA,1,1,0.05263157894736842,0.0,0.22186561048893746,0.0013102170967186151,0.04426701626519937,UCvApqeCbLod-wejtT4CcVuA,@davidgaher9550,1,1,1,1,127,127,0.38368580060422963,0.0,0.45422330067930783,0.003268711512314818,0.0883517731422106
autor::UCHGd14aYuZZShLD73dkk6mg,1,1,0.05263157894736842,0.0,0.005142857142857143,0.0019761768014137345,,UCHGd14aYuZZShLD73dkk6mg,@noemiherrera3152,1,1,1,1,2,2,0.006042296072507553,0.0,0.006042296072507553,0.003043213633597079,
autor::UCiMythXHsw7eQEMykCdmMUA,1,1,0.05263157894736842,0.0,0.22186561048893746,0.0013102170967186151,0.04426701626519937,UCiMythXHsw7eQEMykCdmMUA,@JavierBecerra-h6x,1,1,1,1,127,127,0.38368580060422963,0.0,0.45422330067930783,0.003268711512314818,0.08835177314221063
autor::UC-fiZBS5Gp1eCJd9ucgWnCg,1,1,0.05263157894736842,0.0,0.17422779922779924,0.0015012876402744307,0.0006549010269817344,UC-fiZBS5Gp1eCJd9ucgWnCg,@Tommii.10,1,1,1,1,48,48,0.14501510574018128,0.0,0.3553255369233154,0.002898162641229915,0.002218635774753283
autor::UC5PrBbmUlQolwqmiru7yZhw,1,1,0.05263157894736842,0.0,0.14614069809283917,0.001594478004275582,0.0001784446975757659,UC5PrBbmUlQolwqmiru7yZhw,@lazarochavez8269,1,1,1,1,6,6,0.01812688821752266,0.0,0.29826934757401025,0.0016697553162696441,0.0007242558070261416
autor::UC094EFEmMSdwVa8NQjjYBXg,1,1,0.05263157894736842,0.0,0.14614069809283917,0.001594478004275582,0.0001784446975757659,UC094EFEmMSdwVa8NQjjYBXg,@CelestinoQuej-j7k,1,1,1,1,6,6,0.01812688821752266,0.0,0.29826934757401025,0.0016697553162696441,0.0007242558070261417
autor::UCGm3gRBEHGRJYmtCryZLtDw,1,1,0.05263157894736842,0.0,0.14614069809283917,0.001594478004275582,0.0001784446975757659,UCGm3gRBEHGRJYmtCryZLtDw,@JoséLopez-g6k,1,1,1,1,6,6,0.01812688821752266,0.0,0.29826934757401025,0.0016697553162696441,0.000724255807026139
autor::UCwUAv3_LpWVtTIi7lkmTL7A,1,1,0.05263157894736842,0.0,0.03644314868804665,0.0015921333404745244,,UCwUAv3_LpWVtTIi7lkmTL7A,@kingr4706,1,1,1,1,24,24,0.07250755287009064,0.0,0.07250755287009064,0.00304321363359708,
autor::UC5wuDq3U3vRAhOQI3D7gNdw,1,1,0.05263157894736842,0.0,0.16792433326442008,0.001367816507721139,0.00018794410011703963,UC5wuDq3U3vRAhOQI3D7gNdw,@allanreneramirezgonzalez534,1,1,1,1,9,9,0.027190332326283987,0.0,0.34151617375439736,0.0019228331088015492,0.0007555358413171517
autor::UCsJJAvrVGupdmhOqgtDp8dg,1,1,0.05263157894736842,0.0,0.22186561048893746,0.0013102170967186151,0.04426701626519937,UCsJJAvrVGupdmhOqgtDp8dg,@nestorlorenzana1168,1,1,1,1,127,127,0.38368580060422963,0.0,0.45422330067930783,0.003268711512314818,0.08835177314221064
autor::UCtNfIBnc5S5DbbQj_yxgJTw,1,1,0.05263157894736842,0.0,0.22186561048893746,0.0013102170967186151,0.04426701626519937,UCtNfIBnc5S5DbbQj_yxgJTw,@JosueRamirez-ey3ih,1,1,1,1,127,127,0.38368580060422963,0.0,0.45422330067930783,0.003268711512314818,0.08835177314221057
autor::UC-Iul5tDYH_oiAMXQH-KaaQ,1,1,0.05263157894736842,0.0,0.1326122448979592,0.0012314659094801788,2.7197538771321635e-06,UC-Iul5tDYH_oiAMXQH-KaaQ,@AlbertoMancilla-p9h,1,1,1,1,31,31,0.09365558912386707,0.0,0.2703838109369134,0.0031737991501789077,8.306085209582323e-06
autor::UCyW68EGZey4ao_Vf2cR5Ztg,1,1,0.05263157894736842,0.0,0.12227156405238597,0.0015691590271952158,1.5186531327581726e-06,UCyW68EGZey4ao_Vf2cR5Ztg,@ZabalaXabier,1,1,1,1,5,5,0.015105740181268881,0.0,0.24834165243662154,0.0019964490731540488,6.203035382117163e-06
autor::UCZjm6U576nX8WOiLhmMR3bw,1,1,0.05263157894736842,0.0,0.026448979591836733,0.0012806576023992745,,UCZjm6U576nX8WOiLhmMR3bw,@MariaNavarroYT,1,1,1,1,17,17,0.0513595166163142,0.0,0.0513595166163142,0.00304321363359708,
autor::UC_LYoGs5C3mbZKZuKuqYCvw,1,1,0.05263157894736842,0.0,0.17422779922779924,0.0015012876402744307,0.0006549010269817344,UC_LYoGs5C3mbZKZuKuqYCvw,@javiercifuentesarchila6041,1,1,1,1,48,48,0.14501510574018128,0.0,0.3553255369233154,0.002898162641229915,0.0022186357747532863
autor::UCRfkkatKrNtAARnXMMYBGlA,1,1,0.05263157894736842,0.0,0.1326122448979592,0.0012314659094801788,2.7197538771321635e-06,UCRfkkatKrNtAARnXMMYBGlA,@BernerSoza-mg3vx,1,1,1,1,31,31,0.09365558912386707,0.0,0.2703838109369134,0.0031737991501789077,8.306085209582337e-06
autor::UCA93ym2TXs_Ibyxb4Vcn-6Q,1,1,0.05263157894736842,0.0,0.22186561048893746,0.0013102170967186151,0.04426701626519937,UCA93ym2TXs_Ibyxb4Vcn-6Q,@oswaldosolis8728,1,1,1,1,127,127,0.38368580060422963,0.0,0.45422330067930783,0.003268711512314818,0.08835177314221063
autor::UCAmtbUiIrUIhikru0ZoTFig,1,1,0.05263157894736842,0.0,0.22186561048893746,0.0013102170967186151,0.04426701626519937,UCAmtbUiIrUIhikru0ZoTFig,@Aura-vf6dm,1,1,1,1,127,127,0.38368580060422963,0.0,0.45422330067930783,0.003268711512314818,0.08835177314221063
autor::UCr1emrogPKkKTs_WTtx71xg,1,1,0.05263157894736842,0.0,0.22186561048893746,0.0013102170967186151,0.04426701626519937,UCr1emrogPKkKTs_WTtx71xg,@domingopeneleu6457,1,1,1,1,127,127,0.38368580060422963,0.0,0.45422330067930783,0.003268711512314818,0.0883517731422106
autor::UCRznz9-N3Qc1w-qNdLSIY2Q,1,1,0.05263157894736842,0.0,0.03644314868804665,0.0015921333404745244,,UCRznz9-N3Qc1w-qNdLSIY2Q,@jimmygomez724,1,1,1,1,24,24,0.07250755287009064,0.0,0.07250755287009064,0.00304321363359708,
autor::UCY7Hq7F9Lnucf-Yr6JkHZNw,1,1,0.05263157894736842,0.0,0.03644314868804665,0.0015921333404745244,,UCY7Hq7F9Lnucf-Yr6JkHZNw,@maynorcalel1442,1,1,1,1,24,24,0.07250755287009064,0.0,0.07250755287009064,0.00304321363359708,
autor::UCjSKM9j0Q7HLDr1hD6D-TUw,1,1,0.05263157894736842,0.0,0.22186561048893746,0.0013102170967186151,0.04426701626519937,UCjSKM9j0Q7HLDr1hD6D-TUw,@josehidalgo4875,1,1,1,1,127,127,0.38368580060422963,0.0,0.45422330067930783,0.003268711512314818,0.0883517731422106
autor::UCwCfs-2zbD5k0lG-UVg_JBw,1,1,0.05263157894736842,0.0,0.10232426303854876,0.0014900677837631298,1.1376327292194734e-08,UCwCfs-2zbD5k0lG-UVg_JBw,@JessicaHuaz-96,1,1,1,1,12,12,0.03625377643504532,0.0,0.20846197102344144,0.002548612704496669,7.163946388446252e-08
autor::UC8xlJWNHz1V_W6q3fbuQH8g,1,1,0.05263157894736842,0.0,0.170640756302521,0.0012735810348890398,0.00041358525581375614,UC8xlJWNHz1V_W6q3fbuQH8g,@NormaLópez-v7e,1,1,1,1,18,18,0.054380664652567974,0.0,0.34828402475867654,0.002359046320435588,0.0008039764085493612
autor::UCgQJgI9vu1FI2dnC9mrFthw,1,1,0.05263157894736842,0.0,0.170640756302521,0.0012735810348890398,0.00041358525581375614,UCgQJgI9vu1FI2dnC9mrFthw,@srms70,1,1,1,1,18,18,0.054380664652567974,0.0,0.34828402475867654,0.002359046320435588,0.0008039764085493581
autor::UCRETAiYdh2dL5ZxB0_N1zDA,1,1,0.05263157894736842,0.0,0.22186561048893746,0.0013102170967186151,0.04426701626519936,UCRETAiYdh2dL5ZxB0_N1zDA,@Joseroland21,1,1,1,1,127,127,0.38368580060422963,0.0,0.45422330067930783,0.003268711512314818,0.08835177314221063
autor::UCi-vPdnpQreC7BkFs40mJGA,1,1,0.05263157894736842,0.0,0.03644314868804665,0.0015921333404745244,,UCi-vPdnpQreC7BkFs40mJGA,@bryansicasales4280,1,1,1,1,24,24,0.07250755287009064,0.0,0.07250755287009064,0.00304321363359708,
autor::UCsjs5Hp_r86x1xbK6FAeqaA,1,1,0.05263157894736842,0.0,0.22186561048893746,0.0013102170967186151,0.04426701626519936,UCsjs5Hp_r86x1xbK6FAeqaA,@alvaroesquivel563,1,1,1,1,127,127,0.38368580060422963,0.0,0.45422330067930783,0.003268711512314818,0.08835177314221061
autor::UCRcSR3Lvn9DZAmJpVPANfZQ,1,1,0.05263157894736842,0.0,0.03644314868804665,0.0015921333404745244,,UCRcSR3Lvn9DZAmJpVPANfZQ,@WalksandSuch,1,1,1,1,24,24,0.07250755287009064,0.0,0.07250755287009064,0.00304321363359708,
autor::UCGX_UbAQOXGZknv5iqklwTA,1,1,0.05263157894736842,0.0,0.170640756302521,0.0012735810348890398,0.0004135852558137568,UCGX_UbAQOXGZknv5iqklwTA,@ronaldgarcia8522,1,1,1,1,18,18,0.054380664652567974,0.0,0.34828402475867654,0.002359046320435588,0.0008039764085493625
autor::UC-hfX8J5JPJ-dfuakzegMLA,1,1,0.05263157894736842,0.0,0.22186561048893746,0.0013102170967186151,0.04426701626519936,UC-hfX8J5JPJ-dfuakzegMLA,@normaleticiaorozcojuarez2418,1,1,1,1,127,127,0.38368580060422963,0.0,0.45422330067930783,0.003268711512314818,0.08835177314221063
