node_id,id_original,tipo,nombre,handle,canal,categoria,visualizaciones
autor::UCdFlugHJJa4l3YqWuNRmvXw,UCdFlugHJJa4l3YqWuNRmvXw,autor,@MarcosCarillo-b1r,/@MarcosCarillo-b1r,,,
autor::UCvl1tzQeBeGy6efPTRJXSCw,UCvl1tzQeBeGy6efPTRJXSCw,autor,@RaulPerez-cw2vi,/@RaulPerez-cw2vi,,,
autor::UCRAquv8el-tQ30bN7MlmySQ,UCRAquv8el-tQ30bN7MlmySQ,autor,@iamjimalesssa,/@iamjimalesssa,,,
autor::UCkbsS_3D-pvg1iHOld9uvIg,UCkbsS_3D-pvg1iHOld9uvIg,autor,@gonzalo6075,/@gonzalo6075,,,
autor::UCOLHH4ZpMxPYF-Q6e6wvn5A,UCOLHH4ZpMxPYF-Q6e6wvn5A,autor,@luisroldan7374,/@luisroldan7374,,,
autor::UCi2KiZq63sRq8Mfbcp-MelQ,UCi2KiZq63sRq8Mfbcp-MelQ,autor,@eugeneramirez4405,/@eugeneramirez4405,,,
autor::UCXl30Y_upRqbti52fmjK4YA,UCXl30Y_upRqbti52fmjK4YA,autor,@capitanfrans,/@capitanfrans,,,
autor::UCRelkU8JiZBytTzebJxaa-w,UCRelkU8JiZBytTzebJxaa-w,autor,@danyraymundo2942,/@danyraymundo2942,,,
autor::UCgLurCo-e019HGODcjXHWCw,UCgLurCo-e019HGODcjXHWCw,autor,@perritojuega1,/@perritojuega1,,,
autor::UCDIMztpVm7G27qBuiWuT6oQ,UCDIMztpVm7G27qBuiWuT6oQ,autor,@lizardomorataya8274,/@lizardomorataya8274,,,
autor::UCZOmq6MwFDVoCaEl99BRRaw,UCZOmq6MwFDVoCaEl99BRRaw,autor,@daniloarevalo3170,/@daniloarevalo3170,,,
autor::UCFybmWapGvBKcQod7cPPH9w,UCFybmWapGvBKcQod7cPPH9w,autor,@vitalianochavez8382,/@vitalianochavez8382,,,
autor::UCh5ESQvtzyHDhCA7XyekCFA,UCh5ESQvtzyHDhCA7XyekCFA,autor,@andyB5280,/@andyB5280,,,
autor::UCWIZUtKJ636y-4TYrNvok0g,UCWIZUtKJ636y-4TYrNvok0g,autor,@cesarandreas7824,/@cesarandreas7824,,,
autor::UCzoL2l5H5eVlorWGH8AZfAg,UCzoL2l5H5eVlorWGH8AZfAg,autor,@jor77cas,/@jor77cas,,,
autor::UCKVzDUqbtdSMBcexaEtMmzQ,UCKVzDUqbtdSMBcexaEtMmzQ,autor,@rotorairgroup8409,/@rotorairgroup8409,,,
autor::UCNpt5CQlTzNjlAKY6CJtClQ,UCNpt5CQlTzNjlAKY6CJtClQ,autor,@eustaquiogomez9975,/@eustaquiogomez9975,,,
autor::UCut6b9S98nv84cVX89PmKzA,UCut6b9S98nv84cVX89PmKzA,autor,@yeniferaguirre4498,/@yeniferaguirre4498,,,
autor::UCQyOePccUP-fIJYzchAgZYw,UCQyOePccUP-fIJYzchAgZYw,autor,@aguilar4254,/@aguilar4254,,,
autor::UCOLGv5Pf6BF2wFcwUzgcvHg,UCOLGv5Pf6BF2wFcwUzgcvHg,autor,@welfrealdana5559,/@welfrealdana5559,,,
autor::UCAxvOOHQk7dYPOajzFEVtbA,UCAxvOOHQk7dYPOajzFEVtbA,autor,@ruddydepaz322,/@ruddydepaz322,,,
autor::UCQ_-LPP8JAbfkc-b1Q6NvWw,UCQ_-LPP8JAbfkc-b1Q6NvWw,autor,@MegaKristenstewart,/@MegaKristenstewart,,,
autor::UCXmrpc6Li0spcKxtS0Q_ptg,UCXmrpc6Li0spcKxtS0Q_ptg,autor,@melvinperez6710,/@melvinperez6710,,,
autor::UCZ51R_9Q9C0c8I3pAWhtmjQ,UCZ51R_9Q9C0c8I3pAWhtmjQ,autor,@belvettzapeta1251,/@belvettzapeta1251,,,
autor::UCPLW0HE3siElqCgXfgWxMqg,UCPLW0HE3siElqCgXfgWxMqg,autor,@elizabethmonterroso7719,/@elizabethmonterroso7719,,,
autor::UCxhtlxPV8AYWaNNyU6S9H8Q,UCxhtlxPV8AYWaNNyU6S9H8Q,autor,@WilR-s8r,/@WilR-s8r,,,
autor::UCvcu1kR8xMYy_I1Ty-2mV2Q,UCvcu1kR8xMYy_I1Ty-2mV2Q,autor,@hashojea7348,/@hashojea7348,,,
autor::UCaKAjTW9MVub_clgr4DRYjQ,UCaKAjTW9MVub_clgr4DRYjQ,autor,@josecastillo4390,/@josecastillo4390,,,
autor::UCxff05WuyvwELNITi7bj7UA,UCxff05WuyvwELNITi7bj7UA,autor,@markoherrera,/@markoherrera,,,
autor::UCZLG9qH0tUjNhEGFIUt0CYw,UCZLG9qH0tUjNhEGFIUt0CYw,autor,@SoniaMarroquin-y6e,/@SoniaMarroquin-y6e,,,
autor::UCwgCc9Jd_gG-uLE_SY-FfPg,UCwgCc9Jd_gG-uLE_SY-FfPg,autor,@armindapenados2841,/@armindapenados2841,,,
autor::UCXSkL3ejZ8qWYyF_M7s_QKA,UCXSkL3ejZ8qWYyF_M7s_QKA,autor,@JacintaTzoy,/@JacintaTzoy,,,
autor::UChs3tU2BcKOT0CezykvAsGw,UChs3tU2BcKOT0CezykvAsGw,autor,@byronpontaza,/@byronpontaza,,,
autor::UC6PvO1_k5lHKGdAPo5_C6TA,UC6PvO1_k5lHKGdAPo5_C6TA,autor,@johnmejia992,/@johnmejia992,,,
autor::UCwxoKK59nGCeBqB2sXfDBIw,UCwxoKK59nGCeBqB2sXfDBIw,autor,@vic-bonivideos,/@vic-bonivideos,,,
autor::UCWaRixDdpgllTBf4V0jPnKQ,UCWaRixDdpgllTBf4V0jPnKQ,autor,@hectormaaz5523,/@hectormaaz5523,,,
autor::UCkVtmkK07b2zaVVNssX4lOg,UCkVtmkK07b2zaVVNssX4lOg,autor,@HectorElias-u2l,/@HectorElias-u2l,,,
autor::UCN6qbfPSzFtjhqUDZ3Cv3CQ,UCN6qbfPSzFtjhqUDZ3Cv3CQ,autor,@carlosmedranovelasquez6380,/@carlosmedranovelasquez6380,,,
autor::UC95PSMouTx2N5CbSq0hIyrQ,UC95PSMouTx2N5CbSq0hIyrQ,autor,@lisss1908,/@lisss1908,,,
autor::UCueV9cTyTDwgQSec1x2dYgA,UCueV9cTyTDwgQSec1x2dYgA,autor,@fredydomingo7062,/@fredydomingo7062,,,
autor::UC5H8ASmMC9WrURmzeB4ySog,UC5H8ASmMC9WrURmzeB4ySog,autor,@ManuelEdran,/@ManuelEdran,,,
autor::UCHhHUjaMAZ8SiXdCUCj9DkQ,UCHhHUjaMAZ8SiXdCUCj9DkQ,autor,@fredymendez1786,/@fredymendez1786,,,
autor::UCgvw7xIdGFupzpt1Y_BFkEA,UCgvw7xIdGFupzpt1Y_BFkEA,autor,@fredygarcia9151,/@fredygarcia9151,,,
autor::UCeDNEtI8_a42bZ47wJiJMwQ,UCeDNEtI8_a42bZ47wJiJMwQ,autor,@EdgarcalderonCalderong,/@EdgarcalderonCalderong,,,
autor::UCiOZX__1gahg1ypIj0_XG_w,UCiOZX__1gahg1ypIj0_XG_w,autor,@mariogonzalezorellana8956,/@mariogonzalezorellana8956,,,
autor::UCqCrvuoJpC-aVb0f4logQRQ,UCqCrvuoJpC-aVb0f4logQRQ,autor,@Lyrics_GT,/@Lyrics_GT,,,
autor::UCld2stqxaVSk0QdGncM224A,UCld2stqxaVSk0QdGncM224A,autor,@sarahernandez3873,/@sarahernandez3873,,,
autor::UCpIdtvoFHVLGASGB5ySqIEA,UCpIdtvoFHVLGASGB5ySqIEA,autor,@VidalVillatoro-p4w,/@VidalVillatoro-p4w,,,
autor::UCtiHFjFu7d5v2XxHnKFUYig,UCtiHFjFu7d5v2XxHnKFUYig,autor,@Paul-gf7ec,/@Paul-gf7ec,,,
autor::UCQM2tCKRRytVDRxNUfCDqQQ,UCQM2tCKRRytVDRxNUfCDqQQ,autor,@elioelias7267,/@elioelias7267,,,
autor::UCWvntqPQx99k_Z_skWKqNSA,UCWvntqPQx99k_Z_skWKqNSA,autor,@AntonioChiyal-x5s,/@AntonioChiyal-x5s,,,
autor::UCoGdCoJg2Lh0OX_jv6cG16g,UCoGdCoJg2Lh0OX_jv6cG16g,autor,@Israel-u5i7i,/@Israel-u5i7i,,,
autor::UChgkn5Jt5tWKYMoEOuCjz3Q,UChgkn5Jt5tWKYMoEOuCjz3Q,autor,@pablochitay46,/@pablochitay46,,,
autor::UCiC-Jn7wdgyQV4_Urk0DkWQ,UCiC-Jn7wdgyQV4_Urk0DkWQ,autor,@pedroros6358,/@pedroros6358,,,
autor::UCQIdKuZ-OzuFqy0KjGrgesg,UCQIdKuZ-OzuFqy0KjGrgesg,autor,@lyacausa,/@lyacausa,,,
autor::UCXr8_5WtGeipe4haOoQDgyQ,UCXr8_5WtGeipe4haOoQDgyQ,autor,@amyherrera7352,/@amyherrera7352,,,
autor::UC_3xuTXvMIWU5MYP9HkJ3vQ,UC_3xuTXvMIWU5MYP9HkJ3vQ,autor,@Historia-wm4os,/@Historia-wm4os,,,
autor::UCFjudnPLoaSL1BaRuLahyHg,UCFjudnPLoaSL1BaRuLahyHg,autor,@HaroldoCastillo-rh9iw,/@HaroldoCastillo-rh9iw,,,
autor::UC-pNP6RMFuLg_-x7Ah_0kEA,UC-pNP6RMFuLg_-x7Ah_0kEA,autor,@almacatalan2717,/@almacatalan2717,,,
autor::UC1Y7x3h0c95Z8kUhi-Tzaeg,UC1Y7x3h0c95Z8kUhi-Tzaeg,autor,@rosadiaz9235,/@rosadiaz9235,,,
autor::UC1WlJfQmaIskYhP4gmWoamw,UC1WlJfQmaIskYhP4gmWoamw,autor,@marthareiss5434,/@marthareiss5434,,,
autor::UC3MYTqpQqlWBuCB7Th0e0PA,UC3MYTqpQqlWBuCB7Th0e0PA,autor,@isaaclopez7220,/@isaaclopez7220,,,
autor::UCOcUI5XkTYNMSFhZNMIPpGg,UCOcUI5XkTYNMSFhZNMIPpGg,autor,@hendersonlopez3864,/@hendersonlopez3864,,,
autor::UCOS8ViEkccrTZx2w2ccxotA,UCOS8ViEkccrTZx2w2ccxotA,autor,@OscarHernandez-q8y,/@OscarHernandez-q8y,,,
autor::UC3iIU62XKUOWuqL8BqBzj9A,UC3iIU62XKUOWuqL8BqBzj9A,autor,@antonioduarte2288,/@antonioduarte2288,,,
autor::UCV3fr-YOixFKCZBbJP1-X4w,UCV3fr-YOixFKCZBbJP1-X4w,autor,@albertoshernandez5251,/@albertoshernandez5251,,,
autor::UCmjppp6ujz3SAnULvP3sZMw,UCmjppp6ujz3SAnULvP3sZMw,autor,@marcomendez7509,/@marcomendez7509,,,
autor::UC5PyGvSfFM--OVKmQ3COu6g,UC5PyGvSfFM--OVKmQ3COu6g,autor,@FreddyGmez,/@FreddyGmez,,,
autor::UCQqetiwzzmRNTM5OWuXarGQ,UCQqetiwzzmRNTM5OWuXarGQ,autor,@isaiaslopezvelasquez1539,/@isaiaslopezvelasquez1539,,,
autor::UCCaYwkkbQGcvFoUmothVdQQ,UCCaYwkkbQGcvFoUmothVdQQ,autor,@OsvaldoAguirre-l3i,/@OsvaldoAguirre-l3i,,,
autor::UCQgYjVngJRfPHDLGB5X6ZjA,UCQgYjVngJRfPHDLGB5X6ZjA,autor,@oscarnavas9996,/@oscarnavas9996,,,
autor::UCN2N_wYOw6fMwCeSzdXLPIw,UCN2N_wYOw6fMwCeSzdXLPIw,autor,@danielantoniogonzalezflore4901,/@danielantoniogonzalezflore4901,,,
autor::UC9vMq1YF-e7C-VO0SHkbUTA,UC9vMq1YF-e7C-VO0SHkbUTA,autor,@ErvinLeonardoCarreraLatín,/@ErvinLeonardoCarreraLat%C3%ADn,,,
autor::UC8F2V63KZ4ZEay6opX2hAQw,UC8F2V63KZ4ZEay6opX2hAQw,autor,@carmenr6311,/@carmenr6311,,,
autor::UCheEJ5GZuIvV0fj-nXyVwXw,UCheEJ5GZuIvV0fj-nXyVwXw,autor,@rosaoliva9389,/@rosaoliva9389,,,
autor::UCujPF2nBgsTD62nWE3lcpIg,UCujPF2nBgsTD62nWE3lcpIg,autor,@victorarturoruanobautista7588,/@victorarturoruanobautista7588,,,
autor::UCV0iizTBoOfdAFX_thfI9BA,UCV0iizTBoOfdAFX_thfI9BA,autor,@BenjaminLarios-jd8nk,/@BenjaminLarios-jd8nk,,,
autor::UCp29O_C7cchZV8IxV7Crdag,UCp29O_C7cchZV8IxV7Crdag,autor,@robertoescobar5507,/@robertoescobar5507,,,
autor::UCkxdJ_yGN2gghOMo2ybQtXQ,UCkxdJ_yGN2gghOMo2ybQtXQ,autor,@11223344An,/@11223344An,,,
autor::UCjZgFEowMBrsjodqfovzdKw,UCjZgFEowMBrsjodqfovzdKw,autor,@franciscoflores3120,/@franciscoflores3120,,,
autor::UC4wq3DcbfaG6dtCqn8Oyu3w,UC4wq3DcbfaG6dtCqn8Oyu3w,autor,@hugoasencio7764,/@hugoasencio7764,,,
autor::UCVC2QugcI1G4RvlCiUqd1aQ,UCVC2QugcI1G4RvlCiUqd1aQ,autor,@rwdm76,/@rwdm76,,,
autor::UCXVLc8CmAO813ubM-fLvCDw,UCXVLc8CmAO813ubM-fLvCDw,autor,@herminiasaquimux7565,/@herminiasaquimux7565,,,
autor::UCwW2OFy95P7ZBkOPxWkpvYg,UCwW2OFy95P7ZBkOPxWkpvYg,autor,@TeresaLucero-b5o,/@TeresaLucero-b5o,,,
autor::UC3XTwHxygNCgjndsg-UiCQA,UC3XTwHxygNCgjndsg-UiCQA,autor,@marioajset4283,/@marioajset4283,,,
autor::UCgQw_Sbq3ugruDUKsq1e0-A,UCgQw_Sbq3ugruDUKsq1e0-A,autor,@marlenareano-h4t,/@marlenareano-h4t,,,
autor::UCL13XhnRzbGokEkCkEOb0-g,UCL13XhnRzbGokEkCkEOb0-g,autor,@raquelprado3643,/@raquelprado3643,,,
autor::UCQtSFINs1h6GHkpg9o5kMvg,UCQtSFINs1h6GHkpg9o5kMvg,autor,@MacarioMartinezruiz,/@MacarioMartinezruiz,,,
autor::UC2ngpd8UBQu4gcUYy0goAtg,UC2ngpd8UBQu4gcUYy0goAtg,autor,@juliohernandez7438,/@juliohernandez7438,,,
autor::UC7IMsCxfZyWN7YQo8-JYa6Q,UC7IMsCxfZyWN7YQo8-JYa6Q,autor,@Burgos68,/@Burgos68,,,
autor::UCzSfZlOVxBSs5ObD25ywxDQ,UCzSfZlOVxBSs5ObD25ywxDQ,autor,@GilmarMaldonado-q9m,/@GilmarMaldonado-q9m,,,
autor::UCLFdHr9BEbXHkoJopbEPLZw,UCLFdHr9BEbXHkoJopbEPLZw,autor,@kanterra4584,/@kanterra4584,,,
autor::UCNkcuy42zEwddwEcOd_HpnA,UCNkcuy42zEwddwEcOd_HpnA,autor,@vanigomez492,/@vanigomez492,,,
autor::UCJp3OrVYcBorC94sKwdch_A,UCJp3OrVYcBorC94sKwdch_A,autor,@ULJoshmg2011,/@ULJoshmg2011,,,
autor::UCLh1Kde4_vI1sTZBkTNP7RQ,UCLh1Kde4_vI1sTZBkTNP7RQ,autor,@JoelReynoso-d4r,/@JoelReynoso-d4r,,,
autor::UCThW2XNsAaBKme5PUt7n-Zg,UCThW2XNsAaBKme5PUt7n-Zg,autor,@thelmamoran8565,/@thelmamoran8565,,,
autor::UC6YSZqL0vEcI-niPKIMUGfw,UC6YSZqL0vEcI-niPKIMUGfw,autor,@maxwellsales885,/@maxwellsales885,,,
autor::UCNBnKqWf4d-rS4HwJRQljmQ,UCNBnKqWf4d-rS4HwJRQljmQ,autor,@LE_A22,/@LE_A22,,,
autor::UCO0zwwLWGyDgQmWPJ5Qrr1w,UCO0zwwLWGyDgQmWPJ5Qrr1w,autor,@elsalvador3605,/@elsalvador3605,,,
autor::UCwjUvRseNtJoItylIyIez7Q,UCwjUvRseNtJoItylIyIez7Q,autor,@Silviazea,/@Silviazea,,,
autor::UCTwSut16JyAg3mX6LVUNGqA,UCTwSut16JyAg3mX6LVUNGqA,autor,@SuperVictor2005,/@SuperVictor2005,,,
autor::UCLggDc_a5HriXv7I1h02sOA,UCLggDc_a5HriXv7I1h02sOA,autor,@guillermogonzalez5153,/@guillermogonzalez5153,,,
autor::UCwO2SXr0ggzwg6QWWrr01nQ,UCwO2SXr0ggzwg6QWWrr01nQ,autor,@ricardofigueroa5720,/@ricardofigueroa5720,,,
autor::UC816IGbFCZinfYS1LRDaaHg,UC816IGbFCZinfYS1LRDaaHg,autor,@ingenieroar,/@ingenieroar,,,
autor::UC3qn1yJA5PeW9rkGPatQxiw,UC3qn1yJA5PeW9rkGPatQxiw,autor,@VICTOREST19,/@VICTOREST19,,,
autor::UCaT4saRcyqCLE657Rq2hhZQ,UCaT4saRcyqCLE657Rq2hhZQ,autor,@elmilenial4064,/@elmilenial4064,,,
autor::UCc_F88PzGWtA1OPNUEASulA,UCc_F88PzGWtA1OPNUEASulA,autor,@rockyscarlet,/@rockyscarlet,,,
autor::UCErZPJpHmLCsXs8ZWkAUupQ,UCErZPJpHmLCsXs8ZWkAUupQ,autor,@dorisl.garciaroche7763,/@dorisl.garciaroche7763,,,
autor::UCFOxCyF926Y9eHhMeVoWLzw,UCFOxCyF926Y9eHhMeVoWLzw,autor,@arielsarc09,/@arielsarc09,,,
autor::UC72gBAtyb_VXQlYDcFrh6oQ,UC72gBAtyb_VXQlYDcFrh6oQ,autor,@osmanmorales3012,/@osmanmorales3012,,,
autor::UCi1b_TRQfgO1Z9O2gNGGWNA,UCi1b_TRQfgO1Z9O2gNGGWNA,autor,@davidisraelesquitsaquil,/@davidisraelesquitsaquil,,,
autor::UCBlm80VQ4YoV3bUJR_XhkaQ,UCBlm80VQ4YoV3bUJR_XhkaQ,autor,@rosadiaz6945,/@rosadiaz6945,,,
autor::UColMq7LmaoY3MT6aIDGrGvA,UColMq7LmaoY3MT6aIDGrGvA,autor,@quijotachapina1,/@quijotachapina1,,,
autor::UCat2qkYvqmtDNEmo2PVuhXw,UCat2qkYvqmtDNEmo2PVuhXw,autor,@DoraSalas-j5o,/@DoraSalas-j5o,,,
autor::UCSTAUWVc1_82DHYeqOsqEFA,UCSTAUWVc1_82DHYeqOsqEFA,autor,@TheAlexX_C,/@TheAlexX_C,,,
autor::UCcFIBN-rtC3d3hXeuN5TfWw,UCcFIBN-rtC3d3hXeuN5TfWw,autor,@DenisRMC,/@DenisRMC,,,
autor::UCV0lM03g5fg5pbPj97-sAtA,UCV0lM03g5fg5pbPj97-sAtA,autor,@genarodelgado3929,/@genarodelgado3929,,,
autor::UC_ljZ1hZXR9pzexFz87P5ZA,UC_ljZ1hZXR9pzexFz87P5ZA,autor,@ChRiStOpHeR7969,/@ChRiStOpHeR7969,,,
autor::UCLXYp1Cvc5DLtq5UQL5D9vw,UCLXYp1Cvc5DLtq5UQL5D9vw,autor,@jorgecifuentes-m5g,/@jorgecifuentes-m5g,,,
autor::UCfjhejO7LZy4doXURa7LZCQ,UCfjhejO7LZy4doXURa7LZCQ,autor,@HonwayLee-z5g,/@HonwayLee-z5g,,,
autor::UCplrIQtaPj6au60_f2-mOYw,UCplrIQtaPj6au60_f2-mOYw,autor,@romeolopezherrarte799,/@romeolopezherrarte799,,,
autor::UCql1n3Ey6ULMSOACjMe-fxQ,UCql1n3Ey6ULMSOACjMe-fxQ,autor,@RolandoGonzalez-o7g,/@RolandoGonzalez-o7g,,,
autor::UCZFQwqh90apuL8eFhvRBkUg,UCZFQwqh90apuL8eFhvRBkUg,autor,@luisricardo9671,/@luisricardo9671,,,
autor::UCyJhqmMbsvjpoarBBStA2kg,UCyJhqmMbsvjpoarBBStA2kg,autor,@Murmullodelbarrio,/@Murmullodelbarrio,,,
autor::UC63tFvbQ_hJhGDi2nbjssjw,UC63tFvbQ_hJhGDi2nbjssjw,autor,@AbigailRodas-w2r,/@AbigailRodas-w2r,,,
autor::UCtCtts20bW6F9CSohau51Iw,UCtCtts20bW6F9CSohau51Iw,autor,@carlosgranados9875,/@carlosgranados9875,,,
autor::UCcfdg8crmMJwEuLUsAhV7yg,UCcfdg8crmMJwEuLUsAhV7yg,autor,@RolandoRaguay,/@RolandoRaguay,,,
autor::UC6Uj1FT5JjDSF8vudvDxPAA,UC6Uj1FT5JjDSF8vudvDxPAA,autor,@alfredoortega9264,/@alfredoortega9264,,,
autor::UCj-LL25XJnjxepPKCc3NGog,UCj-LL25XJnjxepPKCc3NGog,autor,@anaaguirre8985,/@anaaguirre8985,,,
autor::UC1DpqK6vaPEkBOMNvypsKYg,UC1DpqK6vaPEkBOMNvypsKYg,autor,@HectorCarranza-u4j4o,/@HectorCarranza-u4j4o,,,
autor::UCpsKOkt5iWTbenzeuq7dsmQ,UCpsKOkt5iWTbenzeuq7dsmQ,autor,@inge_vergueta,/@inge_vergueta,,,
autor::UCDftMWXQoJ6nONfY7GVOVjg,UCDftMWXQoJ6nONfY7GVOVjg,autor,@luisgpacheco5858,/@luisgpacheco5858,,,
autor::UCYwpX26TrCxq8TvbKGRYLXA,UCYwpX26TrCxq8TvbKGRYLXA,autor,@beneficioelcaminovillacana8540,/@beneficioelcaminovillacana8540,,,
autor::UCUIIIPTVDVHAXqhC_5V6lPA,UCUIIIPTVDVHAXqhC_5V6lPA,autor,@gorrarota,/@gorrarota,,,
autor::UCzZ6dDCEsLMXbc5pCFXIprw,UCzZ6dDCEsLMXbc5pCFXIprw,autor,@josegil3813,/@josegil3813,,,
autor::UCNIeXbV_mEwpa412h1aqUWw,UCNIeXbV_mEwpa412h1aqUWw,autor,@juandeleon9060,/@juandeleon9060,,,
autor::UC_6KbBY1bsYXz9fwFS0eQRg,UC_6KbBY1bsYXz9fwFS0eQRg,autor,@imrcp5694,/@imrcp5694,,,
autor::UCDQaQv0hr2SS_PO-CMEwVHg,UCDQaQv0hr2SS_PO-CMEwVHg,autor,@federicosaquimux1933,/@federicosaquimux1933,,,
autor::UCefAH1MbvADWUjE9WVcB9EQ,UCefAH1MbvADWUjE9WVcB9EQ,autor,@jabriz8152,/@jabriz8152,,,
autor::UCEHXl4VvvVpq-_4xC5tsbhg,UCEHXl4VvvVpq-_4xC5tsbhg,autor,@anibalg47,/@anibalg47,,,
autor::UCeQk-WfEA-cJRq4EKeE7TOw,UCeQk-WfEA-cJRq4EKeE7TOw,autor,@franciscojuarez9223,/@franciscojuarez9223,,,
autor::UCkd9W714-947dEE6ZOEBATA,UCkd9W714-947dEE6ZOEBATA,autor,@ARGELIATELON,/@ARGELIATELON,,,
autor::UCljDbleJul41G1TzOjOZAVA,UCljDbleJul41G1TzOjOZAVA,autor,@hectorcarranza3777,/@hectorcarranza3777,,,
autor::UCGGHbtfbbe0o68etrOf0qxw,UCGGHbtfbbe0o68etrOf0qxw,autor,@karensussetteleonvargas9794,/@karensussetteleonvargas9794,,,
autor::UCVdjCrh4tQoX3haNAZv-n5A,UCVdjCrh4tQoX3haNAZv-n5A,autor,@aurahernandez5646,/@aurahernandez5646,,,
autor::UCZeIIQrGAedW8tCbKWmGY-A,UCZeIIQrGAedW8tCbKWmGY-A,autor,@mariocordon8873,/@mariocordon8873,,,
autor::UCFUuDARXdmmIrLppEqf-rFg,UCFUuDARXdmmIrLppEqf-rFg,autor,@allanmunoz7410,/@allanmunoz7410,,,
autor::UCCUmP4PlbwgikVFpYwbtRTg,UCCUmP4PlbwgikVFpYwbtRTg,autor,@alhvi,/@alhvi,,,
autor::UCfXykdbSU97rj987LDUGfvg,UCfXykdbSU97rj987LDUGfvg,autor,@MariaSantos-c8y3h,/@MariaSantos-c8y3h,,,
autor::UC4Avya4kmR4Q0FrfFdBozSQ,UC4Avya4kmR4Q0FrfFdBozSQ,autor,@davidlima1348,/@davidlima1348,,,
autor::UChep9kVb5gQmpodEEl10Xlg,UChep9kVb5gQmpodEEl10Xlg,autor,@carlosaguilar-kz7ml,/@carlosaguilar-kz7ml,,,
autor::UCtsxPYw8VUsH_FfnKg-0lmw,UCtsxPYw8VUsH_FfnKg-0lmw,autor,@AlejandroPérez-b6r,/@AlejandroP%C3%A9rez-b6r,,,
autor::UCRlCV9zSn7avAWh-9_XFWqQ,UCRlCV9zSn7avAWh-9_XFWqQ,autor,@ronyarana8849,/@ronyarana8849,,,
autor::UCfo_yUPzy1f1POwwZxhZ06Q,UCfo_yUPzy1f1POwwZxhZ06Q,autor,@lara11roberto,/@lara11roberto,,,
autor::UCTylKrsqkrBKIqubMu_5N0Q,UCTylKrsqkrBKIqubMu_5N0Q,autor,@edwingeovanymarroquinmarro6684,/@edwingeovanymarroquinmarro6684,,,
autor::UC5hvEnRUzI4Kfvwnyi4QxqQ,UC5hvEnRUzI4Kfvwnyi4QxqQ,autor,@leonelsantizo5281,/@leonelsantizo5281,,,
autor::UCVhif9eV0f8plICen2DnpKA,UCVhif9eV0f8plICen2DnpKA,autor,@blogarteplus,/@blogarteplus,,,
autor::UC1vr9aaMI2crB0NvwFHUeoQ,UC1vr9aaMI2crB0NvwFHUeoQ,autor,@JoseSimilox-p6e,/@JoseSimilox-p6e,,,
autor::UCEgEQmRbtL5fwr9_DqAC--g,UCEgEQmRbtL5fwr9_DqAC--g,autor,@ArielRodas-g5y,/@ArielRodas-g5y,,,
autor::UCIUhbSCy3-SGRe5UtqM4fzQ,UCIUhbSCy3-SGRe5UtqM4fzQ,autor,@jeanmorales1677,/@jeanmorales1677,,,
autor::UCozFYHN0e_-vlQbX3wQGOug,UCozFYHN0e_-vlQbX3wQGOug,autor,@jesusguzman2321,/@jesusguzman2321,,,
autor::UCQMMuADgqWUOcJpLwHOzC-g,UCQMMuADgqWUOcJpLwHOzC-g,autor,@Ripped-Yoda,/@Ripped-Yoda,,,
autor::UC-QOpE7GOxlXcHZ8b7HbQKA,UC-QOpE7GOxlXcHZ8b7HbQKA,autor,@mariaalexander427,/@mariaalexander427,,,
autor::UC0RpuMwkDKJYqgKHtsJRuWQ,UC0RpuMwkDKJYqgKHtsJRuWQ,autor,@sabinamarinaguerra3248,/@sabinamarinaguerra3248,,,
autor::UC-HeUTT6_g-VoiWds2a4H-w,UC-HeUTT6_g-VoiWds2a4H-w,autor,@JorgeMunoz-gd9et,/@JorgeMunoz-gd9et,,,
autor::UC2Y_EHWQKevubk4vOEBBFxw,UC2Y_EHWQKevubk4vOEBBFxw,autor,@alfonsomorales2653,/@alfonsomorales2653,,,
autor::UCwEe1RKlEv1UpNWmWYfSh4w,UCwEe1RKlEv1UpNWmWYfSh4w,autor,@marioramirez299,/@marioramirez299,,,
autor::UCQtICyzWmhC5woCtbNgaSmg,UCQtICyzWmhC5woCtbNgaSmg,autor,@nestormendez6216,/@nestormendez6216,,,
autor::UCDlr1VadSucIZgZ171pRBjQ,UCDlr1VadSucIZgZ171pRBjQ,autor,@cuabatzjj5924,/@cuabatzjj5924,,,
autor::UCxKR3RA8T-kxMgq_2WWhRcQ,UCxKR3RA8T-kxMgq_2WWhRcQ,autor,@elenaluarca9377,/@elenaluarca9377,,,
autor::UCJxJC56BSAX-ArD0NAb9qnQ,UCJxJC56BSAX-ArD0NAb9qnQ,autor,@alfonsowilian9157,/@alfonsowilian9157,,,
autor::UCqilIa8r7iek5sGYg_q6ofA,UCqilIa8r7iek5sGYg_q6ofA,autor,@rolandojuchuna484,/@rolandojuchuna484,,,
autor::UCyor0Mmm0ivLX2jIdyGp84Q,UCyor0Mmm0ivLX2jIdyGp84Q,autor,@MiguelJordan-n3g,/@MiguelJordan-n3g,,,
autor::UCpe5jW3MIqkgTJ-PgkzvM6Q,UCpe5jW3MIqkgTJ-PgkzvM6Q,autor,@carloslam5333,/@carloslam5333,,,
autor::UCz3gu01bmjNv0DpRq-K3XYg,UCz3gu01bmjNv0DpRq-K3XYg,autor,@eusebiovasquez4385,/@eusebiovasquez4385,,,
autor::UCuXmOjxC-htcprLgeVXz6Tg,UCuXmOjxC-htcprLgeVXz6Tg,autor,@jorgeaguilar-bq3uj,/@jorgeaguilar-bq3uj,,,
autor::UCySYJU5kUh7X8gVt9la2ISA,UCySYJU5kUh7X8gVt9la2ISA,autor,@dantesarti4351,/@dantesarti4351,,,
autor::UCHTGCgY2l-DQJIvlA_cpa_Q,UCHTGCgY2l-DQJIvlA_cpa_Q,autor,@virgiliogarcia3039,/@virgiliogarcia3039,,,
autor::UCPNXmbOBVeC4HS-xemvcPtQ,UCPNXmbOBVeC4HS-xemvcPtQ,autor,@BelkisRodriguezRamirez,/@BelkisRodriguezRamirez,,,
autor::UCtUR3_CAiE7fCoZHM6cMfyQ,UCtUR3_CAiE7fCoZHM6cMfyQ,autor,@mdelcid01,/@mdelcid01,,,
autor::UCGj2v6Gl5bN8NSrzJMXS-CA,UCGj2v6Gl5bN8NSrzJMXS-CA,autor,@juliogutierrez492,/@juliogutierrez492,,,
autor::UCbrtvygfRT6QXqWDNrOf-cA,UCbrtvygfRT6QXqWDNrOf-cA,autor,@Alejandro00710,/@Alejandro00710,,,
autor::UCOh6DaZC_x9HASnlRylEMfw,UCOh6DaZC_x9HASnlRylEMfw,autor,@AndresMedina-v1s,/@AndresMedina-v1s,,,
autor::UCL1MT278vSaQ83ZDkVWn1gw,UCL1MT278vSaQ83ZDkVWn1gw,autor,@elmorodriguez6978,/@elmorodriguez6978,,,
autor::UC8G5cJONY8L9voMyBW8Eoug,UC8G5cJONY8L9voMyBW8Eoug,autor,@luisparedes-pw6qt,/@luisparedes-pw6qt,,,
autor::UC7VUuJr9cGh845CmTvf7TlQ,UC7VUuJr9cGh845CmTvf7TlQ,autor,@LuisCastillo-oz4df,/@LuisCastillo-oz4df,,,
autor::UCFhxtoeARHPnXXPcDrOU3Xg,UCFhxtoeARHPnXXPcDrOU3Xg,autor,@diegoalejandrolopezmendez205,/@diegoalejandrolopezmendez205,,,
autor::UCAlzM_N6xBlMYmM8EBzX86Q,UCAlzM_N6xBlMYmM8EBzX86Q,autor,@carlossoto3252,/@carlossoto3252,,,
autor::UClqA491Xa5fQcXcJJa-vTWw,UClqA491Xa5fQcXcJJa-vTWw,autor,@AndresLemus-k2d,/@AndresLemus-k2d,,,
autor::UCvDwJBBY1mHK70aTEYl6rsA,UCvDwJBBY1mHK70aTEYl6rsA,autor,@cristianescobedo8296,/@cristianescobedo8296,,,
autor::UCWWkebAekppaL5b5CNlppuw,UCWWkebAekppaL5b5CNlppuw,autor,@ninettmartinez425,/@ninettmartinez425,,,
autor::UCjmPuazZJzscrwvk0QR9RVw,UCjmPuazZJzscrwvk0QR9RVw,autor,@mynorrodas8591,/@mynorrodas8591,,,
autor::UCipetjeiWj4CZB6EbyYziZg,UCipetjeiWj4CZB6EbyYziZg,autor,@OseasSamayoa-ol5rz,/@OseasSamayoa-ol5rz,,,
autor::UCZIQnb1fkwe39Iw2TAu-bGA,UCZIQnb1fkwe39Iw2TAu-bGA,autor,@jorgegomez2237,/@jorgegomez2237,,,
autor::UCTP3O0rMnc8z8v8jaDQwL0w,UCTP3O0rMnc8z8v8jaDQwL0w,autor,@RobertoZelaya-x1v,/@RobertoZelaya-x1v,,,
autor::UCsUCN0Yq_UyTvKjOJLmNrnQ,UCsUCN0Yq_UyTvKjOJLmNrnQ,autor,@moisesvaldez4043,/@moisesvaldez4043,,,
autor::UC3UVO7pTbeYvZ3ILEyRDskQ,UC3UVO7pTbeYvZ3ILEyRDskQ,autor,@rosaelenaargueta79,/@rosaelenaargueta79,,,
autor::UCuP4UK33HKtJE_S39ksmaTw,UCuP4UK33HKtJE_S39ksmaTw,autor,@herbertaguilar1387,/@herbertaguilar1387,,,
autor::UClsrFGJKWPxxw7MiaEdKLXw,UClsrFGJKWPxxw7MiaEdKLXw,autor,@ericapaz5406,/@ericapaz5406,,,
autor::UCg3eIfd7BrsLEqS0BLkftHA,UCg3eIfd7BrsLEqS0BLkftHA,autor,@ErmePérez-q4s,/@ErmeP%C3%A9rez-q4s,,,
autor::UCq3mDTTRZnUybct5M9OSXbg,UCq3mDTTRZnUybct5M9OSXbg,autor,@MacoMorales-i2i2d,/@MacoMorales-i2i2d,,,
autor::UCGzXwyCzMzGmjmCbH3Hg01Q,UCGzXwyCzMzGmjmCbH3Hg01Q,autor,@FidelZacarias-ph7dy,/@FidelZacarias-ph7dy,,,
autor::UC0HvfEWozTHbwl_iEmJNvVA,UC0HvfEWozTHbwl_iEmJNvVA,autor,@OttoPalencia-b7r,/@OttoPalencia-b7r,,,
autor::UC14qlobYKqD-DO0j6b75lcA,UC14qlobYKqD-DO0j6b75lcA,autor,@megavision4488,/@megavision4488,,,
autor::UCiGRBf2RNF0WRKhRVT7zFoA,UCiGRBf2RNF0WRKhRVT7zFoA,autor,@edwinavila4876,/@edwinavila4876,,,
autor::UCa36MjQLoPAmgJo-R3G8WQA,UCa36MjQLoPAmgJo-R3G8WQA,autor,@elsasalguero6914,/@elsasalguero6914,,,
autor::UC3YpzAr7pcdKC7BVFEpYzog,UC3YpzAr7pcdKC7BVFEpYzog,autor,@carmenfigueroa1232,/@carmenfigueroa1232,,,
autor::UCQqlPPUGqAfWjd-FSh_qn7Q,UCQqlPPUGqAfWjd-FSh_qn7Q,autor,@estuardoargueta137,/@estuardoargueta137,,,
autor::UC8r11yOugM2NuRfitQOxLLg,UC8r11yOugM2NuRfitQOxLLg,autor,@cesaraugustomoralesmonroy6907,/@cesaraugustomoralesmonroy6907,,,
autor::UCusjriFsDHEc2AOjqk-p5ig,UCusjriFsDHEc2AOjqk-p5ig,autor,@pablobarrios7931,/@pablobarrios7931,,,
autor::UC5fvhAfm89JH8eDFdvc0xYw,UC5fvhAfm89JH8eDFdvc0xYw,autor,@isaidiaz2388,/@isaidiaz2388,,,
autor::UCAV7QIjYhbDJaycQycM_0eQ,UCAV7QIjYhbDJaycQycM_0eQ,autor,@mariavail8998,/@mariavail8998,,,
autor::UC3E9mAgP7VoAE5mZoAexl5g,UC3E9mAgP7VoAE5mZoAexl5g,autor,@EnnioAroche,/@EnnioAroche,,,
autor::UCB5p8a5gklc80jJItP6xTHg,UCB5p8a5gklc80jJItP6xTHg,autor,@ernestogamboa8737,/@ernestogamboa8737,,,
autor::UC1NiEdJ7gk6FlDexIalWnGg,UC1NiEdJ7gk6FlDexIalWnGg,autor,@BorisTebalán,/@BorisTebal%C3%A1n,,,
autor::UCdQAuWwyC99MB7Y02Umj26Q,UCdQAuWwyC99MB7Y02Umj26Q,autor,@miguelbran1268,/@miguelbran1268,,,
autor::UCtowGNY2lnlg6O2CkwDgkLg,UCtowGNY2lnlg6O2CkwDgkLg,autor,@taniagabrielacelis8434,/@taniagabrielacelis8434,,,
autor::UCp_dAUfv8i3LW3zWc24dLaQ,UCp_dAUfv8i3LW3zWc24dLaQ,autor,@MarioCortez-o6v,/@MarioCortez-o6v,,,
autor::UC_NRVt2UP88ZNTwzrZ66JSg,UC_NRVt2UP88ZNTwzrZ66JSg,autor,@aditalissethevasquezrojas8039,/@aditalissethevasquezrojas8039,,,
autor::UCylqlpsh8ENNM1LqgQ1KbxA,UCylqlpsh8ENNM1LqgQ1KbxA,autor,@Jel.Awesh.M,/@Jel.Awesh.M,,,
autor::UCRvPToDkkumha7WJAfCDk1A,UCRvPToDkkumha7WJAfCDk1A,autor,@ligiaguerra3057,/@ligiaguerra3057,,,
autor::UCPZueDLrCS4BmTBRMA4q0fA,UCPZueDLrCS4BmTBRMA4q0fA,autor,@kevinochoa3695,/@kevinochoa3695,,,
autor::UCHMQ_lDhibZ-XZ_3fo6oxwg,UCHMQ_lDhibZ-XZ_3fo6oxwg,autor,@crislexrubi4387,/@crislexrubi4387,,,
autor::UC7dadZG7kkGYnsNu6td0FbA,UC7dadZG7kkGYnsNu6td0FbA,autor,@lesolorzano,/@lesolorzano,,,
autor::UCrJn_rbo_ENAdeqneS-RmRw,UCrJn_rbo_ENAdeqneS-RmRw,autor,@josecarrera9623,/@josecarrera9623,,,
autor::UCFFrEmn6lPYiWyElpfzTy5Q,UCFFrEmn6lPYiWyElpfzTy5Q,autor,@denilsonlopez4083,/@denilsonlopez4083,,,
autor::UCNiMNUJvaRJb0_QLClqwVnA,UCNiMNUJvaRJb0_QLClqwVnA,autor,@Santiago.Nolasco,/@Santiago.Nolasco,,,
autor::UCs_5qeqdku9tGAq22y3OcuQ,UCs_5qeqdku9tGAq22y3OcuQ,autor,@alexandrevasquez4135,/@alexandrevasquez4135,,,
autor::UCCBYcToQ2dwkd6TJh0FSyDg,UCCBYcToQ2dwkd6TJh0FSyDg,autor,@lidiarodriguez3493,/@lidiarodriguez3493,,,
autor::UCxcoDvP-g2_KTZDmVZtvb3w,UCxcoDvP-g2_KTZDmVZtvb3w,autor,@angelmartinez9523,/@angelmartinez9523,,,
autor::UCW-JC6lebVmf2P1dmY_L94g,UCW-JC6lebVmf2P1dmY_L94g,autor,@dinoraoroxon5771,/@dinoraoroxon5771,,,
autor::UCgJNFj5dnxXpcMvmuhZDPxA,UCgJNFj5dnxXpcMvmuhZDPxA,autor,@NataliaRodriguez-rx5mr,/@NataliaRodriguez-rx5mr,,,
autor::UCFoIAE8k82D6AV-8gjjKaNg,UCFoIAE8k82D6AV-8gjjKaNg,autor,@eddymunoz9789,/@eddymunoz9789,,,
autor::UCe8JZoYkX5oKUZyivHYdXhw,UCe8JZoYkX5oKUZyivHYdXhw,autor,@FernandoGarcia-jg1fj,/@FernandoGarcia-jg1fj,,,
autor::UCnU8wO1OurAmGstDw6VGjgQ,UCnU8wO1OurAmGstDw6VGjgQ,autor,@cmorera21,/@cmorera21,,,
autor::UCf5lnNZF7Qrtli9v4N_23WQ,UCf5lnNZF7Qrtli9v4N_23WQ,autor,@CarlosCortez-v5r,/@CarlosCortez-v5r,,,
autor::UCW80DaMjQlEUibC98Cot-Dg,UCW80DaMjQlEUibC98Cot-Dg,autor,@rogeraldana4289,/@rogeraldana4289,,,
autor::UCDrmf9y9nLgFY5wnA2hTuGA,UCDrmf9y9nLgFY5wnA2hTuGA,autor,@laboratorio5528,/@laboratorio5528,,,
autor::UCTD6q1nyIe3Y7HhqjaMj72w,UCTD6q1nyIe3Y7HhqjaMj72w,autor,@JuanChang-r6k,/@JuanChang-r6k,,,
autor::UC0aEyakBPqcBkVJiErfSupQ,UC0aEyakBPqcBkVJiErfSupQ,autor,@jhonymanuel9891,/@jhonymanuel9891,,,
autor::UC650pRT-OYzny3GwOH8Cgfw,UC650pRT-OYzny3GwOH8Cgfw,autor,@edvinparedesherrera7632,/@edvinparedesherrera7632,,,
autor::UCWoAVGVqCn4xtINCMOTM4jg,UCWoAVGVqCn4xtINCMOTM4jg,autor,@OmarMartinez-vv8re,/@OmarMartinez-vv8re,,,
autor::UCDPWkUX3sNNaCx-m1dV4glA,UCDPWkUX3sNNaCx-m1dV4glA,autor,@hectoroliva949,/@hectoroliva949,,,
autor::UCsGoJEvb-cFPZ2rWoJcXzEQ,UCsGoJEvb-cFPZ2rWoJcXzEQ,autor,@sergiohinestroza9709,/@sergiohinestroza9709,,,
autor::UCXXh7yg5KUFIWylTiKVEFKQ,UCXXh7yg5KUFIWylTiKVEFKQ,autor,@MrDuenderojo,/@MrDuenderojo,,,
autor::UCfM3nrxtTQMY5jFx1v1J4Gg,UCfM3nrxtTQMY5jFx1v1J4Gg,autor,@edgarroldan5539,/@edgarroldan5539,,,
autor::UCp4iw5_5SmV9VGTFSNVGOmQ,UCp4iw5_5SmV9VGTFSNVGOmQ,autor,@CARLOSSTREMS51,/@CARLOSSTREMS51,,,
autor::UCIp19h9igblA2YKfSLPDAug,UCIp19h9igblA2YKfSLPDAug,autor,@JoseReyes-rn6sh,/@JoseReyes-rn6sh,,,
autor::UCwha8rxULYMVtNwZWeSkE1A,UCwha8rxULYMVtNwZWeSkE1A,autor,@mariasamo8637,/@mariasamo8637,,,
autor::UCHbwIx9pmQuf7i-4_xO2EpA,UCHbwIx9pmQuf7i-4_xO2EpA,autor,@caminoseternos752,/@caminoseternos752,,,
autor::UCu8_3-Wg-YzNyvHYQDEscfw,UCu8_3-Wg-YzNyvHYQDEscfw,autor,@RolandoCastroPérez-d7y,/@RolandoCastroP%C3%A9rez-d7y,,,
autor::UCIgoiXdIKJyUGmUoH2Lxdzg,UCIgoiXdIKJyUGmUoH2Lxdzg,autor,@susievidal4134,/@susievidal4134,,,
autor::UCXN2s7DwTJm33xO-pNkAdaA,UCXN2s7DwTJm33xO-pNkAdaA,autor,@edithsan7688,/@edithsan7688,,,
autor::UCgLrWFdYitoP-b7-PxtUr-w,UCgLrWFdYitoP-b7-PxtUr-w,autor,@zetag,/@zetag,,,
autor::UCAKuKvcbfnBD3kF5njNu-IA,UCAKuKvcbfnBD3kF5njNu-IA,autor,@melvinlopez7096,/@melvinlopez7096,,,
autor::UCFxE8GbokBrBsPEKM1xrOjQ,UCFxE8GbokBrBsPEKM1xrOjQ,autor,@JuanDavila-qd7qj,/@JuanDavila-qd7qj,,,
autor::UCk4O-J1BhoqPmig1KLGJePA,UCk4O-J1BhoqPmig1KLGJePA,autor,@lazarobarillas3575,/@lazarobarillas3575,,,
autor::UCUoYsrx1oZnCZ0usbBJn4fA,UCUoYsrx1oZnCZ0usbBJn4fA,autor,@AnaDiaz-re9sq,/@AnaDiaz-re9sq,,,
autor::UCHu8x4MVkayU6VgwVKd--MQ,UCHu8x4MVkayU6VgwVKd--MQ,autor,@Hernandez-i1o,/@Hernandez-i1o,,,
autor::UC-jS_kA9w-OmpupXDx156Rg,UC-jS_kA9w-OmpupXDx156Rg,autor,@simoncreyesc7579,/@simoncreyesc7579,,,
autor::UChT7pzGytNd92Nmvi-zuWog,UChT7pzGytNd92Nmvi-zuWog,autor,@sparkvalkov,/@sparkvalkov,,,
autor::UChZknRmJkeGeQk0-mQuhDOg,UChZknRmJkeGeQk0-mQuhDOg,autor,@OdilioRodríguez-c5w,/@OdilioRodr%C3%ADguez-c5w,,,
autor::UCOARn3hnfkB7-_Rwa8Hoqcw,UCOARn3hnfkB7-_Rwa8Hoqcw,autor,@nicelol5241,/@nicelol5241,,,
autor::UC9Wp6vL5oCU37qC3Aj94WZA,UC9Wp6vL5oCU37qC3Aj94WZA,autor,@ManuelSanchez-b8q2z,/@ManuelSanchez-b8q2z,,,
autor::UCIXLDYqR_syskKRJy_x9W9Q,UCIXLDYqR_syskKRJy_x9W9Q,autor,@carlitosramirez4739,/@carlitosramirez4739,,,
autor::UCYN4wSQ1Sx4_LurxLlW7MPg,UCYN4wSQ1Sx4_LurxLlW7MPg,autor,@belarminavillatoro6474,/@belarminavillatoro6474,,,
autor::UCTTILH6QCIxbTnEWxwRqs1g,UCTTILH6QCIxbTnEWxwRqs1g,autor,@3762Jorge,/@3762Jorge,,,
autor::UC5bG9nc_JV3FsNP2KseQiYw,UC5bG9nc_JV3FsNP2KseQiYw,autor,@giovannirodas4836,/@giovannirodas4836,,,
autor::UCKDR0f2fu2UzWL8mBv5-BHw,UCKDR0f2fu2UzWL8mBv5-BHw,autor,@mireyamorales6595,/@mireyamorales6595,,,
autor::UCbYoNG5J3Au5BqtbXogfEFw,UCbYoNG5J3Au5BqtbXogfEFw,autor,@Luis-gn3fj,/@Luis-gn3fj,,,
autor::UCl0ekS9Tt0jJGtOEM18S63w,UCl0ekS9Tt0jJGtOEM18S63w,autor,@monkchapin,/@monkchapin,,,
autor::UCVQf0tzL7xRzFJsABVVULpg,UCVQf0tzL7xRzFJsABVVULpg,autor,@DennisseLopetegi,/@DennisseLopetegi,,,
autor::UCsSXdJct-nsS8DsABoEsaYA,UCsSXdJct-nsS8DsABoEsaYA,autor,@IvánPérez-j4j,/@Iv%C3%A1nP%C3%A9rez-j4j,,,
autor::UC9xr9QvIcDvoZNUX5f-jaZw,UC9xr9QvIcDvoZNUX5f-jaZw,autor,@MariaaliciaColonmorales,/@MariaaliciaColonmorales,,,
autor::UCpl8rF8uv_8uui-QRvuJaRA,UCpl8rF8uv_8uui-QRvuJaRA,autor,@SergioGarcia-z9c,/@SergioGarcia-z9c,,,
autor::UClhMWQ7XKWywYvbRnuf8QsA,UClhMWQ7XKWywYvbRnuf8QsA,autor,@EcPerez-zz9oh,/@EcPerez-zz9oh,,,
autor::UC4kg7zuTfqQKLd2bkZrSYBA,UC4kg7zuTfqQKLd2bkZrSYBA,autor,@zoilagarcia9019,/@zoilagarcia9019,,,
autor::UCbNanjFI51cwGqMAb2rOrBw,UCbNanjFI51cwGqMAb2rOrBw,autor,@RosaMontesdeOca777,/@RosaMontesdeOca777,,,
autor::UC2weSE8rpqkGMOp6StYtVfg,UC2weSE8rpqkGMOp6StYtVfg,autor,@katerynsantiago2907,/@katerynsantiago2907,,,
autor::UCyzf29IYjNw67gGIfsjgtxA,UCyzf29IYjNw67gGIfsjgtxA,autor,@carlosoliva9249,/@carlosoliva9249,,,
autor::UCaT6M2zp7X6r6Whd8Vv3kHQ,UCaT6M2zp7X6r6Whd8Vv3kHQ,autor,@alexarcos8349,/@alexarcos8349,,,
autor::UC3NMzdMYryaw82kPTnsaljg,UC3NMzdMYryaw82kPTnsaljg,autor,@marisosa7832,/@marisosa7832,,,
autor::UCSou6a2OuYGSvPjm5psquyA,UCSou6a2OuYGSvPjm5psquyA,autor,@FranciscoRivera-sf7ne,/@FranciscoRivera-sf7ne,,,
autor::UCtNyHmRZtvGF2hSvI2dUBWw,UCtNyHmRZtvGF2hSvI2dUBWw,autor,@aureliomaldonado4793,/@aureliomaldonado4793,,,
autor::UCGqKxQS-z3NZzZF-2w338AA,UCGqKxQS-z3NZzZF-2w338AA,autor,@samuelaguilar529,/@samuelaguilar529,,,
autor::UCXO1BBohNWXkK9SBDAG2ySg,UCXO1BBohNWXkK9SBDAG2ySg,autor,@JBFlute92,/@JBFlute92,,,
autor::UChyps3dqY-VY1_wLeq-2lhw,UChyps3dqY-VY1_wLeq-2lhw,autor,@maydamorales4395,/@maydamorales4395,,,
autor::UCXgr7vXlRrsaskPdo097kGA,UCXgr7vXlRrsaskPdo097kGA,autor,@Rogergh-nw4oj,/@Rogergh-nw4oj,,,
autor::UC4cXueR2bKGFJV0Fk76gwmA,UC4cXueR2bKGFJV0Fk76gwmA,autor,@aluxdel4792,/@aluxdel4792,,,
autor::UCmvOgzmmXbjUthHy-WJ52hQ,UCmvOgzmmXbjUthHy-WJ52hQ,autor,@mariorodas593,/@mariorodas593,,,
autor::UC6xI_MOaxajIWpoP8BH6E_Q,UC6xI_MOaxajIWpoP8BH6E_Q,autor,@jahirdiaz5862,/@jahirdiaz5862,,,
autor::UCtMBF_1O2jY2INlb_luuB_A,UCtMBF_1O2jY2INlb_luuB_A,autor,@mynorgudiel8646,/@mynorgudiel8646,,,
autor::UCrqXyRsg-_hTosURZ-uvoKg,UCrqXyRsg-_hTosURZ-uvoKg,autor,@flornolberto2425,/@flornolberto2425,,,
autor::UCGZMgmM92E3njyXNe9-kjAQ,UCGZMgmM92E3njyXNe9-kjAQ,autor,@pasionpornada,/@pasionpornada,,,
autor::UCOY3XpD9qMCRSA8AA8c4CAw,UCOY3XpD9qMCRSA8AA8c4CAw,autor,@franciscorodas9686,/@franciscorodas9686,,,
autor::UCfRqgt2O-vjzUDMZY_tnxQw,UCfRqgt2O-vjzUDMZY_tnxQw,autor,@Williams-Garcia67E,/@Williams-Garcia67E,,,
autor::UCjJf-AJKRFFWtiN-CSwkDmA,UCjJf-AJKRFFWtiN-CSwkDmA,autor,@2jose82,/@2jose82,,,
autor::UCBtB5dIyx-C16UN8ClUD2UA,UCBtB5dIyx-C16UN8ClUD2UA,autor,@alexmonzon4257,/@alexmonzon4257,,,
autor::UCDUffaruH6dyUnUGwsTKpgg,UCDUffaruH6dyUnUGwsTKpgg,autor,@luisletona2842,/@luisletona2842,,,
autor::UCgGqw4aqMdMVSGkKiMgrJRQ,UCgGqw4aqMdMVSGkKiMgrJRQ,autor,@pattyfigueroa5609,/@pattyfigueroa5609,,,
autor::UC32oozucwCF3q8d4m8fyOUg,UC32oozucwCF3q8d4m8fyOUg,autor,@RauldejesusOlivagonzalez,/@RauldejesusOlivagonzalez,,,
autor::UCvApqeCbLod-wejtT4CcVuA,UCvApqeCbLod-wejtT4CcVuA,autor,@davidgaher9550,/@davidgaher9550,,,
autor::UCHGd14aYuZZShLD73dkk6mg,UCHGd14aYuZZShLD73dkk6mg,autor,@noemiherrera3152,/@noemiherrera3152,,,
autor::UCiMythXHsw7eQEMykCdmMUA,UCiMythXHsw7eQEMykCdmMUA,autor,@JavierBecerra-h6x,/@JavierBecerra-h6x,,,
autor::UC-fiZBS5Gp1eCJd9ucgWnCg,UC-fiZBS5Gp1eCJd9ucgWnCg,autor,@Tommii.10,/@Tommii.10,,,
autor::UC5PrBbmUlQolwqmiru7yZhw,UC5PrBbmUlQolwqmiru7yZhw,autor,@lazarochavez8269,/@lazarochavez8269,,,
autor::UC094EFEmMSdwVa8NQjjYBXg,UC094EFEmMSdwVa8NQjjYBXg,autor,@CelestinoQuej-j7k,/@CelestinoQuej-j7k,,,
autor::UCGm3gRBEHGRJYmtCryZLtDw,UCGm3gRBEHGRJYmtCryZLtDw,autor,@JoséLopez-g6k,/@Jos%C3%A9Lopez-g6k,,,
autor::UCwUAv3_LpWVtTIi7lkmTL7A,UCwUAv3_LpWVtTIi7lkmTL7A,autor,@kingr4706,/@kingr4706,,,
autor::UC5wuDq3U3vRAhOQI3D7gNdw,UC5wuDq3U3vRAhOQI3D7gNdw,autor,@allanreneramirezgonzalez534,/@allanreneramirezgonzalez534,,,
autor::UCsJJAvrVGupdmhOqgtDp8dg,UCsJJAvrVGupdmhOqgtDp8dg,autor,@nestorlorenzana1168,/@nestorlorenzana1168,,,
autor::UCtNfIBnc5S5DbbQj_yxgJTw,UCtNfIBnc5S5DbbQj_yxgJTw,autor,@JosueRamirez-ey3ih,/@JosueRamirez-ey3ih,,,
autor::UC-Iul5tDYH_oiAMXQH-KaaQ,UC-Iul5tDYH_oiAMXQH-KaaQ,autor,@AlbertoMancilla-p9h,/@AlbertoMancilla-p9h,,,
autor::UCyW68EGZey4ao_Vf2cR5Ztg,UCyW68EGZey4ao_Vf2cR5Ztg,autor,@ZabalaXabier,/@ZabalaXabier,,,
autor::UCZjm6U576nX8WOiLhmMR3bw,UCZjm6U576nX8WOiLhmMR3bw,autor,@MariaNavarroYT,/@MariaNavarroYT,,,
autor::UC_LYoGs5C3mbZKZuKuqYCvw,UC_LYoGs5C3mbZKZuKuqYCvw,autor,@javiercifuentesarchila6041,/@javiercifuentesarchila6041,,,
autor::UCRfkkatKrNtAARnXMMYBGlA,UCRfkkatKrNtAARnXMMYBGlA,autor,@BernerSoza-mg3vx,/@BernerSoza-mg3vx,,,
autor::UCA93ym2TXs_Ibyxb4Vcn-6Q,UCA93ym2TXs_Ibyxb4Vcn-6Q,autor,@oswaldosolis8728,/@oswaldosolis8728,,,
autor::UCAmtbUiIrUIhikru0ZoTFig,UCAmtbUiIrUIhikru0ZoTFig,autor,@Aura-vf6dm,/@Aura-vf6dm,,,
autor::UCr1emrogPKkKTs_WTtx71xg,UCr1emrogPKkKTs_WTtx71xg,autor,@domingopeneleu6457,/@domingopeneleu6457,,,
autor::UCRznz9-N3Qc1w-qNdLSIY2Q,UCRznz9-N3Qc1w-qNdLSIY2Q,autor,@jimmygomez724,/@jimmygomez724,,,
autor::UCY7Hq7F9Lnucf-Yr6JkHZNw,UCY7Hq7F9Lnucf-Yr6JkHZNw,autor,@maynorcalel1442,/@maynorcalel1442,,,
autor::UCjSKM9j0Q7HLDr1hD6D-TUw,UCjSKM9j0Q7HLDr1hD6D-TUw,autor,@josehidalgo4875,/@josehidalgo4875,,,
autor::UCwCfs-2zbD5k0lG-UVg_JBw,UCwCfs-2zbD5k0lG-UVg_JBw,autor,@JessicaHuaz-96,/@JessicaHuaz-96,,,
autor::UC8xlJWNHz1V_W6q3fbuQH8g,UC8xlJWNHz1V_W6q3fbuQH8g,autor,@NormaLópez-v7e,/@NormaL%C3%B3pez-v7e,,,
autor::UCgQJgI9vu1FI2dnC9mrFthw,UCgQJgI9vu1FI2dnC9mrFthw,autor,@srms70,/@srms70,,,
autor::UCRETAiYdh2dL5ZxB0_N1zDA,UCRETAiYdh2dL5ZxB0_N1zDA,autor,@Joseroland21,/@Joseroland21,,,
autor::UCi-vPdnpQreC7BkFs40mJGA,UCi-vPdnpQreC7BkFs40mJGA,autor,@bryansicasales4280,/@bryansicasales4280,,,
autor::UCsjs5Hp_r86x1xbK6FAeqaA,UCsjs5Hp_r86x1xbK6FAeqaA,autor,@alvaroesquivel563,/@alvaroesquivel563,,,
autor::UCRcSR3Lvn9DZAmJpVPANfZQ,UCRcSR3Lvn9DZAmJpVPANfZQ,autor,@WalksandSuch,/@WalksandSuch,,,
autor::UCGX_UbAQOXGZknv5iqklwTA,UCGX_UbAQOXGZknv5iqklwTA,autor,@ronaldgarcia8522,/@ronaldgarcia8522,,,
autor::UC-hfX8J5JPJ-dfuakzegMLA,UC-hfX8J5JPJ-dfuakzegMLA,autor,@normaleticiaorozcojuarez2418,/@normaleticiaorozcojuarez2418,,,
video::06mFNPU0aB8,06mFNPU0aB8,video,Capturan a presuntos delincuentes disfrazados de mujer señalados de cometer asalto,,Noti7,News & Politics,6692.0
video::3Nfp9h5avBI,3Nfp9h5avBI,video,"Noticiero en Directo 1 pm, 28 de Agosto de 2026",,Noticiero Guatevisión 13 Hrs.,News & Politics,573.0
video::6W4u8sGEnGM,6W4u8sGEnGM,video,Inician los trabajos de recuperación del Puente Belice II.,,Gobierno de la República de Guatemala,Entertainment,11670.0
video::JkpVO1hx2f8,JkpVO1hx2f8,video,10 Preguntas a un año del Paro Nacional,,Quorum,News & Politics,673.0
video::OkXlHx0hx-8,OkXlHx0hx-8,video,EE.UU. envía a mexicanos deportados a Guatemala antes de su regreso a México | Noticias Telemundo,,Noticias Telemundo,News & Politics,14200.0
video::PjmxCj-a9Hg,PjmxCj-a9Hg,video,Conferencia de Prensa del Gobierno de Guatemala. #LaRondaGt,,Gobierno de la República de Guatemala,Entertainment,3628.0
video::TT4qJ5FXHYE,TT4qJ5FXHYE,video,"I’x K’at: el primer equipo guatemalteco de pelota maya, conformado únicamente por mujeres.",,Quorum,News & Politics,1075.0
video::UhL9y3KUl8E,UhL9y3KUl8E,video,SHAI WA: la vecina queer de Casa Presidencial,,Quorum,News & Politics,1755.0
video::WIUZtitfLRw,WIUZtitfLRw,video,Caminar en una ciudad hecha para carros,,Quorum,News & Politics,422.0
video::X_FAIef8qlE,X_FAIef8qlE,video,Cruzando la ciudad a puro Transmetro,,Quorum,News & Politics,1140.0
video::b_Hkrkl3adA,b_Hkrkl3adA,video,Bloqueos en Guatemala este 31 de agosto por alza en combustibles afectan rutas principales,,PrensaLibreOficial,News & Politics,5469.0
video::is3Mk5oC19g,is3Mk5oC19g,video,Capturan a ladrón que había quedado grabado mientras robaba en una parroquia de Retalhuleu,,TN23 Guatemala,News & Politics,4616.0
video::j43HgwYFKfk,j43HgwYFKfk,video,La cooptación de Walter Mazariegos en la USAC,,Quorum,News & Politics,10156.0
video::lj983NWyAQY,lj983NWyAQY,video,Plan 2032 Ciudad de Guatemala,,Municipalidad de Guatemala,News & Politics,304089.0
video::n8iP75gIpmw,n8iP75gIpmw,video,Qué rico come tu diputado,,Quorum,News & Politics,11775.0
video::ndAZjHqzzT8,ndAZjHqzzT8,video,Internet: escoger el menos malo,,Quorum,News & Politics,717.0
video::s0eco-BofOs,s0eco-BofOs,video,¿Quiénes pagan más en Centroamérica?,,Quorum,News & Politics,220.0
video::yLZS3JiEBg8,yLZS3JiEBg8,video,Arroz con pollo a la MONOPOLIO,,Quorum,News & Politics,1954.0
video::zweosulrwA8,zweosulrwA8,video,Edén por Salud: empleo inclusivo para personas con discapacidad en Antigua | Super - Episodio 2,,Quorum,Nonprofits & Activism,52.0
